0.99937,0.22744,0.17481,0.21867,0.18797,0.20363,0.21053,0.19925,0.20175,0.23308,0.24185,0.14474,0.00062657,0.0018797,0.00062657,0.097118,0.0062657,0.12469,0.00062657,0.0012531,0.098371,0.050752,0,0.00062657,0.1084,0.0012531,0.14098,0.0012531,0.10276,0,0.093985,0.10589,0.06391,0.00062657,0.00062657,0.087719,0.08208,0.0012531,0,0.0012531,0,0.095238,0.087093,0,0.08396,0.070802,0.090226,0.083333,0.00062657,0,0.00062657,0.00062657,0.0012531,0.11404,0.11341,0.12469,0.10338,0.10652,0.11153,0.10276,0.10714,0.11278,0.10464,0.10464,0.12469,0.098371,0.092105,0.099624,0,0.08584,0.098371,0.079574,0.075815,0.091479,0.10526,0.00062657,0.0018797,0,0.092105,0.0018797,0.10589,0.072055,0.078321,0.0012531,0.080201,0.093985,0.12406,0.12155,0.12406,0.00062657,0,0.077694,0.086466,0.074561,0.0012531,0.0012531,0,0.087093,0.070802,0.081454
0.2196,1,0.16334,0.22384,0.16213,0.17604,0.12281,0.21234,0.20811,0.19359,0.18693,0.13793,0.0012099,0.00060496,0.0012099,0.12825,0.010284,0.094374,0,0.0030248,0.10042,0.060496,0.00060496,0.00060496,0.087719,0.0030248,0.13672,0.00060496,0.093769,0,0.089534,0.087114,0.06957,0.00060496,0.00060496,0.087114,0.089534,0.0018149,0.00060496,0.0018149,0.0018149,0.077435,0.083485,0.0012099,0.094374,0.066546,0.093769,0.079855,0.00060496,0,0.00060496,0.00060496,0.0012099,0.10768,0.094374,0.10526,0.10224,0.088929,0.1095,0.090139,0.086509,0.10526,0.091954,0.084694,0.097399,0.10163,0.086509,0.098004,0.0024198,0.07441,0.093769,0.070175,0.087114,0.082275,0.082275,0.00060496,0.00060496,0.00060496,0.085904,0.0012099,0.10224,0.071385,0.07925,0.0012099,0.07804,0.10284,0.094374,0.096794,0.10345,0.00060496,0,0.085904,0.0732,0.077435,0.0018149,0.0012099,0.0012099,0.08409,0.08288,0.07562
0.17481,0.16917,0.99937,0.20238,0.1698,0.18797,0.21867,0.17982,0.14348,0.21178,0.15852,0.1109,0.00062657,0,0.00062657,0.080201,0.010025,0.090852,0.00062657,0.0018797,0.083333,0.051378,0.00062657,0.00062657,0.068296,0.0018797,0.12218,0.0018797,0.073308,0.0012531,0.062657,0.08396,0.068922,0.0037594,0.0012531,0.066416,0.077068,0.0018797,0,0.0018797,0.0018797,0.068922,0.076441,0.0012531,0.076441,0.058271,0.068296,0.070802,0.0037594,0.00062657,0.00062657,0.0012531,0.0012531,0.089599,0.087093,0.087719,0.095865,0.077068,0.092105,0.070802,0.076441,0.085213,0.087093,0.085213,0.083333,0.080201,0.068296,0.071429,0.0025063,0.072682,0.069549,0.077068,0.071429,0.081454,0.08584,0.00062657,0.0012531,0.0018797,0.059524,0.00062657,0.075188,0.06203,0.067043,0.00062657,0.080201,0.080201,0.086466,0.08208,0.092105,0.00062657,0,0.06015,0.072682,0.068922,0.0012531,0,0,0.073935,0.070802,0.071429
0.22662,0.24026,0.20974,1,0.16429,0.25909,0.18701,0.21234,0.17403,0.22792,0.18831,0.16104,0.0019481,0.00064935,0.0012987,0.13182,0.012338,0.13766,0,0.0012987,0.12338,0.062338,0,0.00064935,0.1461,0.0012987,0.13247,0.0012987,0.10909,0,0.11818,0.12597,0.080519,0.0012987,0,0.12338,0.12273,0.0012987,0,0.00064935,0,0.10195,0.10584,0,0.10325,0.075325,0.08961,0.097403,0.0012987,0,0.00064935,0.00064935,0.0012987,0.13052,0.11558,0.12597,0.13506,0.1013,0.11494,0.11688,0.1,0.10519,0.11234,0.1039,0.10844,0.11234,0.092208,0.11039,0.00064935,0.12208,0.12338,0.099351,0.08961,0.10909,0.096104,0.00064935,0.0012987,0.00064935,0.087662,0.0019481,0.13831,0.096104,0.088961,0.0032468,0.071429,0.10325,0.11494,0.14091,0.11753,0.0012987,0,0.091558,0.074026,0.080519,0.0012987,0.00064935,0.00064935,0.12597,0.081169,0.085065
0.18797,0.16792,0.1698,0.15852,0.99937,0.16855,0.14787,0.23246,0.22494,0.21992,0.18985,0.095865,0,0.0012531,0.00062657,0.1015,0.010025,0.11028,0,0.00062657,0.090226,0.06203,0.00062657,0.00062657,0.085213,0.0018797,0.11404,0.0012531,0.098371,0.00062657,0.08396,0.097744,0.070802,0.00062657,0.00062657,0.088972,0.097118,0.00062657,0.0012531,0.0012531,0.0018797,0.088346,0.088346,0.00062657,0.08584,0.073935,0.088972,0.097744,0.0012531,0,0.00062657,0.0018797,0.0012531,0.11216,0.10213,0.11717,0.1109,0.095865,0.099624,0.088972,0.096491,0.10714,0.10088,0.090226,0.10652,0.10401,0.080827,0.10338,0.0018797,0.091479,0.10088,0.077068,0.083333,0.10025,0.087719,0.00062657,0,0.0018797,0.090852,0.00062657,0.10401,0.072682,0.069549,0.00062657,0.067043,0.093985,0.092105,0.10589,0.10902,0.0031328,0.0018797,0.091479,0.081454,0.073935,0.0018797,0.0012531,0.0012531,0.091479,0.079574,0.083333
0.19661,0.17604,0.18149,0.24138,0.16273,0.99879,0.17907,0.20266,0.21779,0.20448,0.16455,0.099214,0.0012099,0,0.00060496,0.10526,0.010889,0.095584,0.00060496,0.0012099,0.07441,0.055051,0.00060496,0,0.095584,0.00060496,0.12039,0,0.076225,0.00060496,0.085299,0.089534,0.077435,0.00060496,0,0.10163,0.07925,0,0.00060496,0.0012099,0,0.07441,0.081065,0.00060496,0.085299,0.073805,0.07925,0.085904,0.0018149,0,0.00060496,0,0.00060496,0.10708,0.085904,0.10345,0.10405,0.085904,0.095584,0.07804,0.10103,0.083485,0.095584,0.085904,0.10224,0.094979,0.08046,0.086509,0,0.087719,0.10103,0.081065,0.079855,0.082275,0.090139,0.00060496,0.00060496,0.0012099,0.076225,0.00060496,0.093164,0.07078,0.082275,0.0024198,0.064126,0.098004,0.099214,0.10103,0.1101,0,0.00060496,0.076225,0.085904,0.073805,0.0024198,0,0,0.094979,0.083485,0.07683
0.20327,0.12281,0.21113,0.17423,0.14277,0.17907,0.99879,0.19661,0.21779,0.25227,0.16213,0.096794,0.00060496,0.00060496,0.00060496,0.10042,0.0090744,0.094979,0.00060496,0,0.072595,0.058076,0.00060496,0.00060496,0.07925,0.00060496,0.12704,0.00060496,0.067756,0.00060496,0.062916,0.081065,0.061101,0.0030248,0,0.088929,0.067756,0,0.00060496,0.0012099,0,0.078645,0.065336,0.00060496,0.07078,0.066546,0.07199,0.08167,0,0,0.0012099,0.00060496,0.0012099,0.094979,0.064731,0.092559,0.082275,0.056866,0.096189,0.084694,0.092559,0.091349,0.094374,0.088929,0.10768,0.08288,0.064731,0.087114,0,0.081065,0.079855,0.068966,0.079855,0.07078,0.085299,0,0.00060496,0.00060496,0.085904,0.0024198,0.070175,0.071385,0.067756,0.0024198,0.067756,0.067756,0.07925,0.090139,0.1095,0.00060496,0.00060496,0.07199,0.065336,0.079855,0.0018149,0,0.00060496,0.065336,0.065336,0.08167
0.19238,0.21234,0.17362,0.19782,0.22444,0.20266,0.19661,0.9994,0.19601,0.25408,0.19238,0.13128,0.00060496,0.0018149,0.00060496,0.10768,0.011494,0.13309,0,0,0.11373,0.066546,0,0.0024198,0.11434,0.00060496,0.10889,0.0018149,0.099214,0.0012099,0.086509,0.1095,0.071385,0.00060496,0.0012099,0.087114,0.10345,0.0012099,0.0012099,0.0012099,0.0012099,0.10405,0.095584,0.0012099,0.096189,0.084694,0.087719,0.094374,0.0012099,0,0.0012099,0.0012099,0.0018149,0.13067,0.10526,0.12402,0.13007,0.087719,0.11736,0.10405,0.093769,0.10526,0.10708,0.11131,0.11252,0.11736,0.077435,0.094979,0.0018149,0.087719,0.1101,0.091349,0.093769,0.10163,0.096189,0.0018149,0.0012099,0.0012099,0.091954,0.0018149,0.096794,0.0732,0.071385,0.0024198,0.076225,0.091954,0.10466,0.12946,0.12099,0.0018149,0.0012099,0.082275,0.090139,0.086509,0.0018149,0.0030248,0.00060496,0.076225,0.081065,0.082275
0.1948,0.20811,0.13854,0.16213,0.21718,0.21779,0.21779,0.19601,0.9994,0.25348,0.22807,0.10224,0.00060496,0.00060496,0.00060496,0.10163,0.010889,0.10647,0.00060496,0.0012099,0.084694,0.061101,0.0012099,0.00060496,0.090744,0.0018149,0.12523,0,0.08288,0.00060496,0.07562,0.089534,0.068361,0.0018149,0.00060496,0.076225,0.086509,0.00060496,0.00060496,0.0018149,0.00060496,0.07925,0.083485,0.0012099,0.079855,0.064731,0.091349,0.093164,0.00060496,0.00060496,0,0,0.0012099,0.1095,0.07441,0.096189,0.093769,0.07804,0.096189,0.085904,0.10708,0.098004,0.096189,0.08167,0.12523,0.097399,0.078645,0.094979,0.0012099,0.082275,0.079855,0.064126,0.08288,0.088929,0.095584,0.0018149,0.00060496,0.00060496,0.090139,0.00060496,0.0732,0.062311,0.064126,0.0030248,0.082275,0.07441,0.10103,0.087719,0.10526,0.00060496,0.00060496,0.07683,0.087719,0.08046,0.0048397,0.0012099,0.00060496,0.087114,0.063521,0.072595
0.22505,0.19359,0.20448,0.21234,0.21234,0.20448,0.25227,0.25408,0.25348,1,0.22021,0.13007,0.0018149,0.00060496,0.00060496,0.16757,0.010889,0.12583,0.00060496,0.00060496,0.10224,0.066546,0,0,0.11252,0.0012099,0.1464,0.00060496,0.10587,0,0.10345,0.088929,0.07804,0.0012099,0,0.092559,0.1095,0,0.00060496,0.0012099,0,0.090744,0.094374,0.0012099,0.097399,0.079855,0.098609,0.094374,0,0.00060496,0.00060496,0.00060496,0.0012099,0.12583,0.10708,0.1101,0.1101,0.089534,0.10587,0.10163,0.10224,0.12341,0.1095,0.10284,0.11978,0.099214,0.090139,0.10224,0,0.091349,0.10405,0.093769,0.095584,0.10587,0.10345,0,0.00060496,0,0.096189,0.00060496,0.092559,0.078645,0.088929,0.00060496,0.08288,0.088929,0.1095,0.11918,0.13128,0.00060496,0,0.08288,0.093769,0.090139,0.00060496,0.00060496,0,0.082275,0.079855,0.085299
0.23351,0.18693,0.15306,0.17544,0.1833,0.16455,0.16213,0.19238,0.22807,0.22021,1,0.10042,0.00060496,0.00060496,0,0.10103,0.013309,0.1101,0.00060496,0.0012099,0.088929,0.058681,0.00060496,0.0012099,0.093769,0.0012099,0.14459,0.0018149,0.087114,0.00060496,0.082275,0.10889,0.079855,0.0024198,0,0.090139,0.098609,0.00060496,0.0012099,0.0024198,0,0.094374,0.10587,0.00060496,0.11071,0.062311,0.10889,0.11313,0.00060496,0.00060496,0.0018149,0.00060496,0.0012099,0.11736,0.07925,0.10103,0.1101,0.089534,0.095584,0.10345,0.11434,0.10526,0.10708,0.087719,0.10526,0.094374,0.082275,0.10103,0,0.084694,0.093769,0.078645,0.095584,0.10284,0.1337,0.00060496,0,0.0012099,0.090744,0.00060496,0.091954,0.099819,0.085904,0.0012099,0.085299,0.094979,0.13612,0.094374,0.1095,0.0024198,0.00060496,0.096794,0.084694,0.08409,0.0030248,0.0024198,0,0.10284,0.075015,0.085904
0.13975,0.13793,0.10708,0.15003,0.092559,0.099214,0.096794,0.13128,0.10224,0.13007,0.10042,0.99819,0.00060496,0,0,0.094979,0.0078645,0.10829,0.00060496,0.00060496,0.093164,0.059891,0.00060496,0.0012099,0.084694,0.0012099,0.065941,0.00060496,0.091954,0,0.087114,0.077435,0.07804,0.00060496,0,0.08409,0.08167,0,0,0.00060496,0,0.087719,0.078645,0.00060496,0.085904,0.071385,0.077435,0.068361,0.00060496,0,0.00060496,0.0012099,0.0012099,0.099214,0.10466,0.10405,0.098609,0.096189,0.084694,0.082275,0.065941,0.10224,0.07441,0.078645,0.083485,0.077435,0.10526,0.091954,0.00060496,0.10587,0.097399,0.086509,0.067151,0.075015,0.08046,0.00060496,0.00060496,0,0.063521,0,0.096794,0.082275,0.07441,0.0012099,0.058076,0.07804,0.077435,0.099214,0.094374,0.0018149,0,0.08167,0.081065,0.087114,0.00060496,0.00060496,0,0.083485,0.08046,0.073805
0.047619,0.095238,0.047619,0.14286,0,0.095238,0.047619,0.047619,0.047619,0.14286,0.047619,0.047619,1,0.047619,0.047619,0.095238,0.047619,0.047619,0,0.047619,0.14286,0.047619,0.047619,0.047619,0.14286,0.047619,0,0.28571,0.14286,0.095238,0.14286,0.19048,0.047619,0.047619,0,0.047619,0,0.047619,0,0.095238,0.047619,0.047619,0.047619,0.14286,0.095238,0.095238,0.095238,0.047619,0,0,0.047619,0,0.047619,0.047619,0.14286,0.047619,0.047619,0.047619,0.047619,0.14286,0,0,0,0.14286,0.14286,0.19048,0.14286,0.047619,0,0.047619,0.14286,0.095238,0.047619,0.047619,0.047619,0.047619,0.047619,0.095238,0.047619,0.095238,0,0.047619,0.095238,0.047619,0.047619,0,0,0.047619,0.047619,0.047619,0,0.095238,0.047619,0.19048,0.095238,0,0,0,0.095238,0.095238
0.14286,0.047619,0,0.047619,0.095238,0,0.047619,0.14286,0.047619,0.047619,0.047619,0,0.047619,1,0.095238,0.095238,0,0.2381,0,0.095238,0,0,0.095238,0.095238,0.047619,0.047619,0.047619,0.047619,0.19048,0.047619,0.095238,0,0.19048,0.047619,0.047619,0.047619,0.095238,0.19048,0.047619,0.047619,0.095238,0.047619,0.14286,0.047619,0,0.14286,0.047619,0.19048,0.095238,0.047619,0.047619,0.095238,0.14286,0.14286,0.047619,0.19048,0,0.14286,0.19048,0.047619,0.095238,0.19048,0.28571,0.14286,0.095238,0.33333,0.047619,0.14286,0.14286,0.047619,0.28571,0.095238,0.095238,0.14286,0.047619,0.047619,0,0.047619,0.095238,0.047619,0.047619,0.19048,0.19048,0.14286,0.047619,0.19048,0.095238,0.14286,0.14286,0.047619,0.19048,0.14286,0.19048,0.14286,0.047619,0.19048,0.047619,0,0.14286,0
0.047619,0.095238,0.047619,0.095238,0.047619,0.047619,0.047619,0.047619,0.047619,0.047619,0,0,0.047619,0.095238,1,0.095238,0,0,0,0,0.047619,0.19048,0,0.047619,0.14286,0,0,0.14286,0.047619,0.19048,0.095238,0.095238,0.095238,0,0.047619,0,0.047619,0.14286,0.095238,0,0.047619,0.047619,0.14286,0.095238,0.095238,0.047619,0.047619,0.047619,0,0.047619,0,0.047619,0.047619,0.095238,0.095238,0,0.047619,0.047619,0.047619,0.19048,0,0.19048,0.047619,0.2381,0.047619,0.047619,0.047619,0.095238,0.047619,0.095238,0.095238,0.14286,0.047619,0.095238,0.095238,0,0,0,0.047619,0.095238,0.047619,0,0.19048,0,0.047619,0.047619,0.095238,0,0,0.14286,0.047619,0,0.14286,0,0,0.14286,0.047619,0,0.047619,0.047619
0.097118,0.13283,0.080201,0.12719,0.1015,0.10902,0.10401,0.11153,0.10526,0.17356,0.10464,0.098371,0.0012531,0.0012531,0.0012531,1,0.010025,0.10338,0.00062657,0,0.15789,0.092105,0,0.0012531,0.14348,0.00062657,0.10213,0.00062657,0.13659,0.0012531,0.095865,0.10088,0.098371,0.0018797,0,0.1391,0.13847,0.0012531,0,0.00062657,0.00062657,0.10965,0.10464,0.00062657,0.13534,0.10464,0.11654,0.11842,0,0,0.00062657,0,0,0.15226,0.13972,0.13346,0.11028,0.11779,0.11216,0.12093,0.10464,0.10526,0.11654,0.12406,0.11216,0.10652,0.12343,0.13596,0.0012531,0.12531,0.086466,0.077694,0.1015,0.12155,0.087093,0,0,0,0.11028,0.00062657,0.11779,0.10088,0.12093,0.00062657,0.10088,0.08208,0.098371,0.11717,0.1297,0.00062657,0,0.097744,0.08584,0.11278,0.00062657,0.0012531,0.00062657,0.11967,0.11153,0.067669
0.039526,0.067194,0.063241,0.075099,0.063241,0.071146,0.059289,0.075099,0.071146,0.071146,0.086957,0.051383,0.0039526,0,0,0.063241,1,0.035573,0,0,0.031621,0.059289,0,0,0.079051,0,0.043478,0,0.059289,0,0.051383,0.035573,0.031621,0,0,0.035573,0.039526,0,0,0,0,0.039526,0.035573,0,0.043478,0.035573,0.047431,0.027668,0,0,0.0039526,0,0,0.043478,0.035573,0.035573,0.035573,0.039526,0.027668,0.039526,0.055336,0.031621,0.063241,0.035573,0.035573,0.063241,0.035573,0.031621,0,0.043478,0.055336,0.031621,0.035573,0.055336,0.039526,0,0,0,0.031621,0,0.059289,0.051383,0.035573,0,0.031621,0.035573,0.031621,0.035573,0.051383,0.0039526,0,0.039526,0.039526,0.01581,0,0,0,0.067194,0.019763,0.027668
0.12039,0.094374,0.087719,0.12825,0.10647,0.095584,0.094979,0.13309,0.10647,0.12583,0.1101,0.10829,0.00060496,0.0030248,0,0.099819,0.0054446,1,0,0,0.072595,0.046582,0.0024198,0.00060496,0.070175,0.00060496,0.07683,0.00060496,0.07683,0,0.058076,0.061101,0.058076,0.0012099,0.00060496,0.082275,0.076225,0.0012099,0,0.00060496,0,0.068361,0.07199,0.0012099,0.073805,0.065941,0.067151,0.08409,0,0.00060496,0.00060496,0.0012099,0.0018149,0.08167,0.07804,0.099819,0.097399,0.067756,0.068966,0.064126,0.061706,0.07562,0.062311,0.088324,0.078645,0.075015,0.061101,0.071385,0.0018149,0.068966,0.068361,0.056261,0.065941,0.071385,0.058681,0,0.00060496,0.0018149,0.072595,0.0012099,0.070175,0.061706,0.065336,0.0012099,0.064126,0.065941,0.071385,0.084694,0.087719,0.00060496,0.0012099,0.044767,0.068361,0.068966,0.0012099,0.0018149,0,0.057471,0.056261,0.056866
0.1,0,0.1,0,0,0.1,0.1,0,0.1,0.1,0.1,0.1,0,0,0,0.1,0,0,1,0,0.1,0,0,0,0.1,0,0,0,0.1,0,0,0.1,0,0,0,0,0.2,0,0,0,0,0.1,0,0,0.1,0,0,0,0,0,0,0,0,0.1,0,0.1,0.1,0,0,0,0,0,0.1,0,0,0.1,0,0,0,0,0.1,0.1,0.1,0,0.1,0,0,0,0,0,0.1,0,0,0,0.3,0,0,0.2,0,0,0,0,0,0.1,0.2,0,0,0,0.1,0
0.055556,0.13889,0.083333,0.055556,0.027778,0.055556,0,0,0.055556,0.027778,0.055556,0.027778,0.027778,0.055556,0,0,0,0,0,1,0.11111,0.083333,0.11111,0.027778,0.16667,0.30556,0.027778,0.11111,0.13889,0,0.083333,0.055556,0.13889,0.055556,0.055556,0,0.055556,0.16667,0,0.083333,0.083333,0.19444,0.27778,0.083333,0.16667,0.11111,0.055556,0.027778,0.055556,0.027778,0.027778,0.083333,0.13889,0.13889,0.055556,0.11111,0.055556,0.055556,0.11111,0.027778,0.11111,0.083333,0.027778,0.083333,0.083333,0.083333,0.083333,0.083333,0.16667,0.13889,0.11111,0.055556,0.083333,0.055556,0.083333,0,0.055556,0.027778,0.13889,0.027778,0.055556,0.055556,0.055556,0.11111,0.055556,0.11111,0.11111,0.055556,0.083333,0,0,0.11111,0.11111,0.083333,0.027778,0.027778,0.027778,0.11111,0.19444,0.027778
0.094979,0.10042,0.08046,0.11494,0.087114,0.07441,0.072595,0.11373,0.084694,0.10224,0.088929,0.093164,0.0018149,0,0.00060496,0.15245,0.0048397,0.072595,0.00060496,0.0024198,0.9994,0.14701,0.0018149,0.0018149,0.26497,0.0024198,0.065336,0.0018149,0.31276,0,0.21779,0.23049,0.20508,0.0024198,0.0018149,0.16818,0.32063,0.0018149,0,0.0018149,0.0024198,0.25106,0.2075,0.0012099,0.28494,0.18512,0.22505,0.17907,0.0012099,0.00060496,0.00060496,0,0.00060496,0.21355,0.27768,0.20327,0.2807,0.2196,0.18088,0.22868,0.16455,0.22021,0.26195,0.20932,0.18451,0.18028,0.27284,0.20085,0.00060496,0.21355,0.19601,0.17967,0.21053,0.21234,0.1585,0.00060496,0.00060496,0.00060496,0.17241,0.0012099,0.20932,0.17362,0.18935,0.0018149,0.16939,0.18935,0.2196,0.20629,0.19722,0,0,0.19964,0.16999,0.20024,0.0012099,0.0012099,0,0.23291,0.20629,0.11131
0.049002,0.060496,0.049607,0.058076,0.059891,0.055051,0.058076,0.066546,0.061101,0.066546,0.058681,0.059891,0.00060496,0,0.0024198,0.088929,0.0090744,0.046582,0,0.0018149,0.14701,0.99879,0,0.0018149,0.10829,0.00060496,0.039927,0.0012099,0.11434,0.00060496,0.088324,0.072595,0.090139,0.0012099,0,0.15426,0.12765,0.00060496,0,0,0.00060496,0.10405,0.10829,0.00060496,0.12402,0.095584,0.10103,0.11252,0.0018149,0.00060496,0.00060496,0.00060496,0,0.097399,0.10526,0.077435,0.10103,0.07804,0.093164,0.13733,0.10042,0.093769,0.10345,0.094374,0.092559,0.07925,0.07804,0.1216,0.0012099,0.10163,0.075015,0.10345,0.10587,0.11373,0.090139,0.00060496,0,0.0012099,0.10587,0.0012099,0.096189,0.090139,0.1101,0,0.16636,0.099819,0.0732,0.10103,0.10345,0.00060496,0,0.10829,0.066546,0.11131,0.00060496,0.00060496,0.00060496,0.093769,0.077435,0.094979
0,0.035714,0.035714,0,0.035714,0.035714,0.035714,0,0.071429,0,0.035714,0.035714,0.035714,0.071429,0,0,0,0.14286,0,0.14286,0.10714,0,1,0.071429,0.17857,0.071429,0.035714,0.14286,0.071429,0.071429,0.071429,0.14286,0.071429,0,0.035714,0,0.035714,0.10714,0.035714,0.035714,0.14286,0.14286,0.035714,0.10714,0.035714,0.10714,0.10714,0.035714,0.035714,0,0.071429,0.035714,0.14286,0.21429,0.10714,0.10714,0.10714,0.071429,0.071429,0.10714,0.10714,0.14286,0.071429,0.14286,0.17857,0.10714,0.035714,0.035714,0.035714,0.10714,0.10714,0.14286,0.10714,0.035714,0.071429,0.10714,0,0.071429,0.10714,0.035714,0,0.25,0.10714,0.071429,0.071429,0.10714,0.17857,0.10714,0.035714,0,0.071429,0.071429,0.14286,0.10714,0,0.035714,0,0.071429,0.071429,0.071429
0.027778,0.027778,0.027778,0.027778,0.027778,0,0.027778,0.11111,0.027778,0,0.055556,0.055556,0.027778,0.055556,0.027778,0.055556,0,0.027778,0,0.027778,0.083333,0.083333,0.055556,1,0.13889,0.055556,0,0.13889,0.16667,0.027778,0.22222,0.055556,0.083333,0.083333,0,0.027778,0.055556,0,0.027778,0,0.16667,0.083333,0.11111,0.027778,0.027778,0.027778,0.11111,0.11111,0,0,0.083333,0.055556,0.11111,0.027778,0.055556,0.083333,0.055556,0.027778,0.16667,0.083333,0,0.083333,0.083333,0.055556,0.16667,0.055556,0.083333,0.055556,0.083333,0.11111,0.11111,0.083333,0.027778,0,0.083333,0.13889,0,0.027778,0,0.027778,0.055556,0.19444,0.055556,0.083333,0.11111,0.055556,0,0.055556,0.16667,0.083333,0.083333,0.055556,0.055556,0.027778,0.083333,0.027778,0,0.055556,0.055556,0.027778
0.1084,0.090852,0.068296,0.14098,0.085213,0.098997,0.08208,0.11842,0.093985,0.11654,0.097118,0.087719,0.0018797,0.00062657,0.0018797,0.14348,0.012531,0.072682,0.00062657,0.0037594,0.27444,0.11216,0.0031328,0.0031328,1,0.0018797,0.070175,0.004386,0.29323,0.0012531,0.28759,0.19925,0.17794,0.0031328,0,0.15414,0.29198,0.0018797,0.00062657,0.0018797,0.0037594,0.21241,0.22807,0.00062657,0.2688,0.18609,0.19298,0.19236,0.0037594,0.00062657,0.0012531,0,0.0012531,0.20614,0.22932,0.23997,0.24373,0.18421,0.1792,0.23434,0.19236,0.18672,0.18546,0.19486,0.16291,0.23496,0.18546,0.22055,0.0031328,0.18546,0.17293,0.15664,0.17231,0.21867,0.14474,0.00062657,0.0018797,0.0012531,0.19298,0.0012531,0.21679,0.17607,0.1792,0.0018797,0.14662,0.15727,0.17043,0.22431,0.23246,0.0012531,0.00062657,0.15539,0.14348,0.20677,0.00062657,0.0018797,0.00062657,0.18421,0.17168,0.1084
0.055556,0.13889,0.083333,0.055556,0.083333,0.027778,0.027778,0.027778,0.083333,0.055556,0.055556,0.055556,0.027778,0.027778,0,0.027778,0,0.027778,0,0.30556,0.11111,0.027778,0.055556,0.055556,0.083333,1,0.027778,0.11111,0.16667,0,0.11111,0.11111,0.22222,0.083333,0.027778,0.027778,0.027778,0.13889,0.027778,0,0.083333,0.083333,0.027778,0.083333,0.083333,0.25,0.11111,0.027778,0.11111,0.027778,0.055556,0.083333,0.083333,0.16667,0.055556,0.25,0.11111,0.16667,0.27778,0.13889,0.083333,0.27778,0.055556,0.083333,0.22222,0.083333,0.083333,0.13889,0.13889,0.25,0.25,0.083333,0.30556,0.19444,0.13889,0.027778,0.083333,0.083333,0.16667,0.027778,0.11111,0.16667,0.19444,0.30556,0.11111,0.13889,0.13889,0.13889,0.13889,0.027778,0.083333,0.055556,0.11111,0.22222,0.055556,0.11111,0.027778,0.13889,0.16667,0.11111
0.15723,0.15793,0.13627,0.14256,0.12718,0.13906,0.14675,0.12579,0.14465,0.16911,0.16702,0.076171,0,0.00069881,0,0.11391,0.0076869,0.088749,0,0.00069881,0.075472,0.046122,0.00069881,0,0.078267,0.00069881,0.9993,0,0.074773,0.00069881,0.059399,0.062194,0.068484,0.0013976,0.00069881,0.067785,0.061495,0.0013976,0.00069881,0.00069881,0,0.083857,0.058001,0.00069881,0.072676,0.047519,0.078267,0.071978,0.00069881,0,0.00069881,0.00069881,0.0013976,0.083857,0.057303,0.084556,0.084556,0.063592,0.065688,0.076869,0.085255,0.084556,0.067785,0.076171,0.073375,0.071279,0.0587,0.10063,0.00069881,0.060797,0.067086,0.053809,0.067086,0.072676,0.074074,0,0.00069881,0.0013976,0.065688,0.00069881,0.076171,0.069182,0.061495,0.0020964,0.076171,0.062893,0.072676,0.078267,0.087352,0.0020964,0.00069881,0.074773,0.062194,0.057303,0.00069881,0.00069881,0.0013976,0.075472,0.060098,0.071978
0.055556,0.027778,0.083333,0.055556,0.055556,0,0.027778,0.083333,0,0.027778,0.083333,0.027778,0.16667,0.027778,0.083333,0.027778,0,0.027778,0,0.11111,0.083333,0.055556,0.11111,0.13889,0.19444,0.11111,0,1,0.027778,0.055556,0.25,0.083333,0.055556,0.13889,0.027778,0,0.055556,0.027778,0,0.055556,0.13889,0.083333,0.22222,0.083333,0.055556,0.055556,0.11111,0.083333,0.027778,0.027778,0.027778,0.11111,0.13889,0.055556,0.22222,0.11111,0.19444,0.13889,0.11111,0.027778,0.055556,0.13889,0.055556,0.11111,0.13889,0.11111,0.16667,0.13889,0.055556,0.11111,0.083333,0.13889,0.055556,0.055556,0.055556,0.16667,0,0.083333,0.027778,0.083333,0.11111,0.13889,0.16667,0.13889,0.055556,0.083333,0.083333,0.11111,0.19444,0.055556,0.055556,0.083333,0.19444,0.055556,0.055556,0.027778,0,0.055556,0.16667,0.11111
0.099214,0.093769,0.07078,0.10163,0.094979,0.076225,0.067756,0.099214,0.08288,0.10587,0.087114,0.091954,0.0018149,0.0024198,0.00060496,0.13188,0.0090744,0.07683,0.00060496,0.0030248,0.31276,0.11434,0.0012099,0.0036298,0.28312,0.0036298,0.064731,0.00060496,1,0,0.24138,0.16334,0.19601,0.0018149,0.00060496,0.16273,0.2686,0.0024198,0.00060496,0.0048397,0.0030248,0.26437,0.18088,0.0024198,0.30248,0.21053,0.24622,0.18391,0.0054446,0.00060496,0.0012099,0.0018149,0,0.2196,0.23412,0.23291,0.22565,0.18572,0.1712,0.23412,0.1706,0.20992,0.22323,0.19843,0.19238,0.19359,0.22505,0.23351,0.0018149,0.20085,0.22747,0.19117,0.22384,0.22142,0.16213,0.00060496,0.00060496,0.0024198,0.16394,0.0018149,0.22505,0.15487,0.17423,0.0042347,0.16152,0.17967,0.15124,0.23291,0.21839,0.0018149,0.0012099,0.17181,0.14338,0.20992,0.0018149,0.0018149,0.00060496,0.1712,0.20871,0.12946
0,0,0.095238,0,0.047619,0.047619,0.047619,0.095238,0.047619,0,0.047619,0,0.095238,0.047619,0.19048,0.095238,0,0,0,0,0,0.047619,0.095238,0.047619,0.095238,0,0.047619,0.095238,0,1,0.095238,0.095238,0.047619,0.047619,0,0,0,0.047619,0,0.047619,0,0,0.14286,0.047619,0,0.047619,0.047619,0.047619,0.047619,0,0,0.047619,0.095238,0.047619,0.19048,0.047619,0.095238,0.047619,0.095238,0.047619,0.095238,0.047619,0.19048,0.14286,0.095238,0.047619,0.047619,0.095238,0.14286,0.047619,0.047619,0.047619,0.095238,0.095238,0.14286,0,0,0,0.047619,0,0,0.19048,0,0,0,0.095238,0.047619,0.047619,0.095238,0.047619,0.14286,0,0.14286,0,0.047619,0.047619,0,0.047619,0.047619,0.14286
0.090744,0.089534,0.060496,0.1101,0.081065,0.085299,0.062916,0.086509,0.07562,0.10345,0.082275,0.087114,0.0018149,0.0012099,0.0012099,0.092559,0.0078645,0.058076,0,0.0018149,0.21779,0.088324,0.0012099,0.0048397,0.27768,0.0024198,0.051422,0.0054446,0.24138,0.0012099,0.99879,0.14822,0.19601,0.0030248,0.0018149,0.13007,0.22142,0.0012099,0.0012099,0.00060496,0.0012099,0.22263,0.20085,0.0036298,0.20448,0.15547,0.20206,0.22202,0.0018149,0.0018149,0.00060496,0.0036298,0.0048397,0.16636,0.18875,0.21295,0.20932,0.19056,0.15608,0.20327,0.14156,0.18088,0.16334,0.17483,0.16878,0.16394,0.15003,0.2069,0.0030248,0.20206,0.17967,0.1464,0.21295,0.18391,0.15729,0.0012099,0.0012099,0.0036298,0.16092,0.0012099,0.219,0.16878,0.16273,0.0018149,0.13672,0.14398,0.17665,0.19722,0.20508,0.00060496,0.0012099,0.15426,0.12704,0.15487,0.0018149,0.0012099,0.00060496,0.19782,0.19419,0.10163
0.10224,0.087114,0.081065,0.11736,0.094374,0.089534,0.081065,0.1095,0.089534,0.088929,0.10889,0.077435,0.0024198,0,0.0012099,0.097399,0.0054446,0.061101,0.00060496,0.0012099,0.23049,0.072595,0.0024198,0.0012099,0.19238,0.0024198,0.053842,0.0018149,0.16334,0.0012099,0.14822,0.99879,0.14761,0.0036298,0.0024198,0.14459,0.19117,0.0024198,0,0.0018149,0.0018149,0.22021,0.20327,0.0024198,0.19964,0.17302,0.22505,0.19419,0.0030248,0.00060496,0.0012099,0,0.00060496,0.28252,0.19964,0.2686,0.21113,0.22384,0.22807,0.17786,0.21779,0.27405,0.28554,0.23835,0.22626,0.1948,0.15608,0.2196,0.00060496,0.19056,0.18209,0.16334,0.17423,0.26074,0.22444,0.00060496,0.00060496,0.00060496,0.2069,0.00060496,0.20266,0.12583,0.16213,0.0036298,0.10163,0.15003,0.24017,0.18451,0.22747,0.0012099,0,0.15185,0.12704,0.22686,0.0036298,0.0018149,0,0.1827,0.19843,0.10526
0.061706,0.06957,0.066546,0.075015,0.068361,0.077435,0.061101,0.071385,0.068361,0.07804,0.079855,0.07804,0.00060496,0.0024198,0.0012099,0.094979,0.0048397,0.058076,0,0.0030248,0.20508,0.090139,0.0012099,0.0018149,0.17181,0.0048397,0.059286,0.0012099,0.19601,0.00060496,0.19601,0.14761,1,0.0036298,0.00060496,0.1343,0.19964,0.0042347,0.00060496,0.0036298,0.0018149,0.21355,0.18088,0.0036298,0.19964,0.16939,0.20266,0.21718,0.0066546,0.0018149,0.0012099,0.0018149,0.0018149,0.18028,0.20448,0.19903,0.20448,0.18149,0.14519,0.29038,0.15185,0.18996,0.17604,0.21295,0.1591,0.19359,0.16999,0.22626,0.0024198,0.20206,0.19056,0.17604,0.20145,0.17302,0.17786,0.0018149,0.0012099,0.0036298,0.15729,0.0012099,0.19298,0.1948,0.19843,0.0024198,0.16939,0.18935,0.15306,0.18935,0.16939,0.0012099,0.00060496,0.19056,0.18028,0.18391,0.0012099,0.0018149,0.0018149,0.16818,0.24803,0.16697
0.018182,0.018182,0.10909,0.036364,0.018182,0.018182,0.090909,0.018182,0.054545,0.036364,0.072727,0.018182,0.018182,0.018182,0,0.054545,0,0.036364,0,0.036364,0.072727,0.036364,0,0.054545,0.090909,0.054545,0.036364,0.090909,0.054545,0.018182,0.090909,0.10909,0.10909,1,0.018182,0,0.018182,0,0.018182,0,0.018182,0.036364,0.036364,0.018182,0.072727,0.2,0.16364,0.10909,0.036364,0.036364,0.036364,0.036364,0.036364,0.12727,0.072727,0.090909,0.054545,0.090909,0.072727,0.054545,0.072727,0.10909,0.10909,0.10909,0.036364,0.14545,0.16364,0.14545,0.018182,0.090909,0.090909,0.054545,0.090909,0.054545,0.12727,0.036364,0.018182,0.018182,0,0.036364,0.054545,0.14545,0.090909,0.090909,0,0.072727,0.072727,0.054545,0.12727,0.018182,0.018182,0.036364,0.090909,0.14545,0.018182,0.018182,0.018182,0.10909,0.16364,0.090909
0.047619,0.047619,0.095238,0,0.047619,0,0,0.095238,0.047619,0,0,0,0,0.047619,0.047619,0,0,0.047619,0,0.095238,0.14286,0,0.047619,0,0,0.047619,0.047619,0.047619,0.047619,0,0.14286,0.19048,0.047619,0.047619,1,0,0.095238,0.095238,0.047619,0.047619,0.095238,0.047619,0.19048,0.095238,0.095238,0.095238,0.19048,0.047619,0.047619,0,0.095238,0,0.047619,0.047619,0.095238,0.095238,0,0.047619,0.047619,0,0,0,0,0.047619,0.095238,0.19048,0,0.19048,0.047619,0.14286,0.047619,0.047619,0.14286,0.095238,0.095238,0.047619,0.047619,0,0.047619,0.047619,0.047619,0.047619,0.047619,0.047619,0,0.095238,0.095238,0.095238,0.047619,0.095238,0.047619,0.047619,0.047619,0.19048,0.047619,0,0,0.047619,0.047619,0.047619
0.084694,0.087114,0.064126,0.11494,0.085904,0.10163,0.088929,0.087114,0.076225,0.092559,0.090139,0.08409,0.00060496,0.00060496,0,0.1343,0.0054446,0.082275,0,0,0.16818,0.15426,0,0.00060496,0.14882,0.00060496,0.058681,0,0.16273,0,0.13007,0.14459,0.1343,0,0,1,0.17846,0.00060496,0.00060496,0.00060496,0.00060496,0.15789,0.18633,0.0012099,0.15064,0.13249,0.13672,0.14035,0.00060496,0,0.00060496,0.00060496,0,0.15789,0.16152,0.19056,0.13672,0.14217,0.14822,0.18512,0.14035,0.15789,0.16394,0.14217,0.15306,0.13914,0.11555,0.16939,0,0.15789,0.13975,0.13128,0.11857,0.15487,0.12765,0,0,0.00060496,0.1343,0.00060496,0.20569,0.13975,0.16636,0.00060496,0.13188,0.17181,0.14822,0.15306,0.15547,0,0.00060496,0.14096,0.11494,0.16636,0,0.00060496,0,0.1948,0.12341,0.11071
0.07925,0.089534,0.07441,0.11434,0.093769,0.07925,0.067756,0.10345,0.086509,0.1095,0.098609,0.08167,0,0.0012099,0.00060496,0.1337,0.0060496,0.076225,0.0012099,0.0012099,0.32063,0.12765,0.00060496,0.0012099,0.28191,0.00060496,0.053237,0.0012099,0.2686,0,0.22142,0.19117,0.19964,0.00060496,0.0012099,0.17846,0.9994,0.0036298,0.00060496,0.0012099,0.0018149,0.23835,0.22021,0.00060496,0.26981,0.15608,0.23472,0.18754,0.0036298,0.0012099,0.00060496,0.00060496,0,0.22142,0.20932,0.20871,0.22807,0.19601,0.19722,0.25227,0.14217,0.20932,0.24138,0.18814,0.20327,0.19843,0.20629,0.2069,0.00060496,0.18693,0.21658,0.16576,0.17725,0.20871,0.15003,0.00060496,0.00060496,0.0012099,0.19238,0.00060496,0.20145,0.16515,0.1712,0.00060496,0.1712,0.16757,0.14519,0.18028,0.17423,0.00060496,0,0.16576,0.12946,0.21476,0.00060496,0.0012099,0,0.18814,0.17241,0.14277
0.055556,0.083333,0.083333,0.055556,0.027778,0,0,0.055556,0.027778,0,0.027778,0,0.027778,0.11111,0.083333,0.055556,0,0.055556,0,0.16667,0.083333,0.027778,0.083333,0,0.083333,0.13889,0.055556,0.027778,0.11111,0.027778,0.055556,0.11111,0.19444,0,0.055556,0.027778,0.16667,1,0.055556,0.027778,0.055556,0.083333,0.11111,0.11111,0.16667,0.27778,0.083333,0,0.16667,0,0.027778,0,0.11111,0.055556,0.083333,0.22222,0.055556,0.16667,0.25,0.055556,0.083333,0.30556,0.22222,0.13889,0.16667,0.13889,0.055556,0.13889,0.22222,0.13889,0.19444,0.19444,0.19444,0.11111,0.16667,0.055556,0.027778,0.083333,0.11111,0.11111,0.027778,0.13889,0.16667,0.11111,0.16667,0.19444,0.083333,0.16667,0.083333,0,0.055556,0.083333,0.055556,0.16667,0.11111,0.11111,0.027778,0.055556,0.19444,0.083333
0,0.047619,0,0,0.095238,0.047619,0.047619,0.095238,0.047619,0.047619,0.095238,0,0,0.047619,0.095238,0,0,0,0,0,0,0,0.047619,0.047619,0.047619,0.047619,0.047619,0,0.047619,0,0.095238,0,0.047619,0.047619,0.047619,0.047619,0.047619,0.095238,1,0,0,0.19048,0.047619,0.095238,0.047619,0,0.095238,0,0.095238,0.14286,0,0.047619,0.047619,0.095238,0,0.095238,0,0.14286,0.095238,0.095238,0.047619,0.14286,0,0.095238,0.14286,0.095238,0.047619,0.047619,0,0.047619,0.047619,0.047619,0.14286,0.095238,0.047619,0,0,0.047619,0.095238,0,0.14286,0.095238,0.095238,0,0.095238,0,0.095238,0.095238,0.095238,0,0.095238,0.047619,0.047619,0.095238,0,0.095238,0,0.095238,0.095238,0.095238
0.071429,0.10714,0.10714,0.035714,0.071429,0.071429,0.071429,0.071429,0.10714,0.071429,0.14286,0.035714,0.071429,0.035714,0,0.035714,0,0.035714,0,0.10714,0.10714,0,0.035714,0,0.10714,0,0.035714,0.071429,0.28571,0.035714,0.035714,0.10714,0.21429,0,0.035714,0.035714,0.071429,0.035714,0,1,0.28571,0.10714,0.10714,0.14286,0.25,0.14286,0.071429,0.035714,0.14286,0,0.071429,0.071429,0.035714,0.10714,0.071429,0.10714,0.035714,0.17857,0.17857,0.10714,0.10714,0.10714,0.071429,0.10714,0.10714,0.071429,0.21429,0.32143,0.14286,0.071429,0.10714,0.10714,0.25,0.071429,0.10714,0.17857,0.035714,0.071429,0.25,0.035714,0,0.17857,0.17857,0.10714,0.10714,0.17857,0.071429,0.14286,0.17857,0,0,0.10714,0.17857,0.10714,0.071429,0.071429,0.035714,0,0.10714,0.14286
0,0.10714,0.10714,0,0.10714,0,0,0.071429,0.035714,0,0,0,0.035714,0.071429,0.035714,0.035714,0,0,0,0.10714,0.14286,0.035714,0.14286,0.21429,0.21429,0.10714,0,0.17857,0.17857,0,0.071429,0.10714,0.10714,0.035714,0.071429,0.035714,0.10714,0.071429,0,0.28571,1,0.071429,0.071429,0.14286,0.035714,0.035714,0.035714,0.21429,0.10714,0.035714,0.071429,0.28571,0.17857,0.25,0.25,0.10714,0.035714,0.10714,0.14286,0.10714,0.035714,0.071429,0.14286,0.14286,0.14286,0.071429,0.35714,0.39286,0.25,0.10714,0.071429,0.14286,0.071429,0.035714,0.071429,0.25,0.035714,0.25,0.071429,0.071429,0.14286,0.17857,0.10714,0.25,0.14286,0.17857,0.10714,0.21429,0.28571,0.17857,0.071429,0.14286,0.28571,0.14286,0.071429,0.10714,0,0.14286,0.10714,0.071429
0.091954,0.077435,0.066546,0.094979,0.085299,0.07441,0.078645,0.10405,0.07925,0.090744,0.094374,0.087719,0.00060496,0.00060496,0.00060496,0.10587,0.0060496,0.068361,0.00060496,0.0042347,0.25106,0.10405,0.0024198,0.0018149,0.20508,0.0018149,0.072595,0.0018149,0.26437,0,0.22263,0.22021,0.21355,0.0012099,0.00060496,0.15789,0.23835,0.0018149,0.0024198,0.0018149,0.0012099,1,0.24743,0.0018149,0.24077,0.16757,0.25166,0.22565,0.0018149,0.0012099,0,0.0012099,0.0024198,0.18875,0.19843,0.2317,0.26195,0.16939,0.1954,0.2801,0.15729,0.19722,0.19843,0.19722,0.19359,0.17423,0.19359,0.24622,0.00060496,0.268,0.20932,0.16031,0.25469,0.21779,0.1827,0,0.0024198,0,0.14701,0.0018149,0.26074,0.22626,0.17241,0.0018149,0.17725,0.19117,0.16394,0.23714,0.23109,0.00060496,0.0012099,0.22263,0.14096,0.18512,0.0018149,0.0012099,0,0.22202,0.20932,0.13007
0.08409,0.083485,0.073805,0.098609,0.085299,0.081065,0.065336,0.095584,0.083485,0.094374,0.10587,0.078645,0.00060496,0.0018149,0.0018149,0.10103,0.0054446,0.07199,0,0.0060496,0.2075,0.10829,0.00060496,0.0024198,0.22021,0.00060496,0.050212,0.0048397,0.18088,0.0018149,0.20085,0.20327,0.18088,0.0012099,0.0024198,0.18633,0.22021,0.0024198,0.00060496,0.0018149,0.0012099,0.24743,1,0.0018149,0.2069,0.18028,0.20387,0.20811,0.0012099,0,0.00060496,0.0060496,0.0030248,0.21416,0.24319,0.21113,0.24017,0.2317,0.19298,0.25408,0.16455,0.18572,0.21597,0.16999,0.18391,0.18935,0.22323,0.20145,0.0048397,0.24743,0.1712,0.13309,0.19298,0.19419,0.13249,0.0024198,0.00060496,0.0018149,0.16152,0.0012099,0.2196,0.17423,0.17846,0.0018149,0.12825,0.13672,0.16031,0.16576,0.20085,0.0030248,0.00060496,0.16031,0.13612,0.17604,0,0.0012099,0,0.16394,0.1706,0.11857
0,0.055556,0.055556,0,0.027778,0.027778,0.027778,0.055556,0.055556,0.055556,0.027778,0.027778,0.083333,0.027778,0.055556,0.027778,0,0.055556,0,0.083333,0.055556,0.027778,0.083333,0.027778,0.027778,0.083333,0.027778,0.083333,0.11111,0.027778,0.16667,0.11111,0.16667,0.027778,0.055556,0.055556,0.027778,0.11111,0.055556,0.11111,0.11111,0.083333,0.083333,1,0.055556,0.055556,0.16667,0.083333,0.13889,0.055556,0.027778,0.055556,0.027778,0.25,0.027778,0.083333,0.083333,0.083333,0.22222,0.13889,0.11111,0.16667,0.19444,0.11111,0.16667,0.083333,0.11111,0.16667,0.083333,0.11111,0.083333,0.11111,0.083333,0.055556,0.16667,0.055556,0.027778,0.083333,0.25,0.11111,0.11111,0.19444,0.11111,0.11111,0.055556,0.22222,0.22222,0.083333,0.13889,0.11111,0.083333,0.027778,0.22222,0.13889,0.027778,0.11111,0.027778,0.027778,0.083333,0.055556
0.081065,0.094374,0.073805,0.096189,0.08288,0.085299,0.07078,0.096189,0.079855,0.097399,0.11071,0.085904,0.0012099,0,0.0012099,0.13067,0.0066546,0.073805,0.00060496,0.0036298,0.28494,0.12402,0.00060496,0.00060496,0.25953,0.0018149,0.062916,0.0012099,0.30248,0,0.20448,0.19964,0.19964,0.0024198,0.0012099,0.15064,0.26981,0.0036298,0.00060496,0.0042347,0.00060496,0.24077,0.2069,0.0012099,1,0.1706,0.2438,0.20266,0.0054446,0.00060496,0.0024198,0.00060496,0.00060496,0.19601,0.21234,0.22021,0.22626,0.17423,0.17181,0.26013,0.15608,0.2075,0.21053,0.1833,0.17483,0.21597,0.2317,0.20145,0.0018149,0.24259,0.22384,0.17181,0.18996,0.22081,0.15668,0,0.0012099,0.00060496,0.21476,0.0012099,0.18572,0.16818,0.18875,0.0012099,0.19177,0.18875,0.15729,0.19177,0.22626,0.00060496,0.00060496,0.18996,0.12886,0.2075,0.0018149,0.0018149,0.00060496,0.16999,0.22202,0.12341
0.068361,0.066546,0.056261,0.070175,0.071385,0.073805,0.066546,0.084694,0.064731,0.079855,0.062311,0.071385,0.0012099,0.0018149,0.00060496,0.10103,0.0054446,0.065941,0,0.0024198,0.18512,0.095584,0.0018149,0.00060496,0.17967,0.0054446,0.041137,0.0012099,0.21053,0.00060496,0.15547,0.17302,0.16939,0.0066546,0.0012099,0.13249,0.15608,0.0060496,0,0.0024198,0.00060496,0.16757,0.18028,0.0012099,0.1706,1,0.22444,0.19964,0.0042347,0.00060496,0.0018149,0.0012099,0.0042347,0.16939,0.23593,0.22202,0.17181,0.18149,0.16636,0.18028,0.16515,0.20024,0.22565,0.21234,0.17483,0.18693,0.17483,0.23533,0.0060496,0.1712,0.17604,0.18633,0.19903,0.18814,0.18149,0.00060496,0.0024198,0,0.17907,0.0018149,0.19661,0.1833,0.14519,0.0048397,0.1222,0.19843,0.13067,0.20448,0.19419,0.0012099,0.0018149,0.1827,0.13612,0.21174,0.0030248,0.0018149,0.0036298,0.14217,0.24682,0.14761
0.087114,0.093769,0.065941,0.083485,0.085904,0.07925,0.07199,0.087719,0.091349,0.098609,0.10889,0.077435,0.0012099,0.00060496,0.00060496,0.11252,0.0072595,0.067151,0,0.0012099,0.22505,0.10103,0.0018149,0.0024198,0.18633,0.0024198,0.067756,0.0024198,0.24622,0.00060496,0.20206,0.22505,0.20266,0.0054446,0.0024198,0.13672,0.23472,0.0018149,0.0012099,0.0012099,0.00060496,0.25166,0.20387,0.0036298,0.2438,0.22444,1,0.26376,0.0018149,0.0012099,0.0018149,0,0.0012099,0.21839,0.20811,0.25469,0.2565,0.1954,0.17302,0.2807,0.19238,0.23835,0.21597,0.25892,0.23654,0.19238,0.18149,0.3775,0.0018149,0.23956,0.17786,0.24077,0.23593,0.20387,0.17846,0.00060496,0.00060496,0.00060496,0.18512,0.0030248,0.24198,0.22021,0.16394,0.0018149,0.14156,0.24622,0.20508,0.21416,0.20932,0.0024198,0.0018149,0.24198,0.17907,0.24259,0.0018149,0.0030248,0.0018149,0.17544,0.24743,0.17241
0.08046,0.079855,0.068361,0.090744,0.094374,0.085904,0.08167,0.094374,0.093164,0.094374,0.11313,0.068361,0.00060496,0.0024198,0.00060496,0.11434,0.0042347,0.08409,0,0.00060496,0.17907,0.11252,0.00060496,0.0024198,0.18572,0.00060496,0.062311,0.0018149,0.18391,0.00060496,0.22202,0.19419,0.21718,0.0036298,0.00060496,0.14035,0.18754,0,0,0.00060496,0.0036298,0.22565,0.20811,0.0018149,0.20266,0.19964,0.26376,1,0.0012099,0.00060496,0.0012099,0,0.0024198,0.21839,0.20811,0.24743,0.20085,0.2069,0.21658,0.26497,0.19601,0.20871,0.20569,0.21597,0.20811,0.21779,0.18451,0.30792,0.00060496,0.23412,0.19117,0.20327,0.21476,0.2565,0.17604,0.0018149,0.0012099,0,0.22142,0.0012099,0.19298,0.268,0.16697,0.0024198,0.13733,0.19359,0.21476,0.21658,0.23714,0.0012099,0.00060496,0.23775,0.16394,0.20085,0.00060496,0.0018149,0.0018149,0.18633,0.21416,0.14277
0.027778,0.027778,0.16667,0.055556,0.055556,0.083333,0,0.055556,0.027778,0,0.027778,0.027778,0,0.055556,0,0,0,0,0,0.055556,0.055556,0.083333,0.027778,0,0.16667,0.11111,0.027778,0.027778,0.25,0.027778,0.083333,0.13889,0.30556,0.055556,0.027778,0.027778,0.16667,0.16667,0.055556,0.11111,0.083333,0.083333,0.055556,0.13889,0.25,0.19444,0.083333,0.055556,1,0,0.055556,0.027778,0.027778,0.16667,0.027778,0.25,0.055556,0.083333,0.33333,0.25,0.083333,0.16667,0.16667,0.25,0.083333,0.25,0.11111,0.083333,0.083333,0.11111,0.27778,0.16667,0.22222,0.13889,0.13889,0,0.027778,0.083333,0.16667,0.083333,0.083333,0.11111,0.13889,0.083333,0.083333,0.22222,0.16667,0.16667,0.19444,0.027778,0.027778,0.027778,0.083333,0.25,0.027778,0.055556,0.055556,0.16667,0.13889,0.22222
0,0,0.047619,0,0,0,0,0,0.047619,0.047619,0.047619,0,0,0.047619,0.047619,0,0,0.047619,0,0.047619,0.047619,0.047619,0,0,0.047619,0.047619,0,0.047619,0.047619,0,0.14286,0.047619,0.14286,0.095238,0,0,0.095238,0,0.14286,0,0.047619,0.095238,0,0.095238,0.047619,0.047619,0.095238,0.047619,0,1,0,0,0.047619,0.047619,0,0.047619,0,0.095238,0.047619,0.14286,0,0,0.047619,0.14286,0.14286,0.047619,0,0.14286,0.047619,0.047619,0.047619,0.095238,0.14286,0,0,0,0,0.047619,0.095238,0,0.047619,0,0,0.047619,0,0.047619,0.095238,0,0.095238,0,0.047619,0,0.095238,0,0,0.047619,0.047619,0,0,0.047619
0.035714,0.035714,0.035714,0.035714,0.035714,0.035714,0.071429,0.071429,0,0.035714,0.10714,0.035714,0.035714,0.035714,0,0.035714,0.035714,0.035714,0,0.035714,0.035714,0.035714,0.071429,0.10714,0.071429,0.071429,0.035714,0.035714,0.071429,0,0.035714,0.071429,0.071429,0.071429,0.071429,0.035714,0.035714,0.035714,0,0.071429,0.071429,0,0.035714,0.035714,0.14286,0.10714,0.10714,0.071429,0.071429,0,1,0,0,0,0,0.035714,0.071429,0,0.035714,0.14286,0.10714,0.071429,0.035714,0.071429,0.10714,0.10714,0.071429,0.035714,0,0.035714,0.14286,0.035714,0.071429,0.035714,0.14286,0.035714,0,0,0.071429,0.071429,0.035714,0.14286,0.071429,0.14286,0.035714,0.10714,0,0.035714,0.071429,0.035714,0,0.035714,0.035714,0.071429,0.035714,0.035714,0,0.10714,0.035714,0.071429
0.047619,0.047619,0.095238,0.047619,0.14286,0,0.047619,0.095238,0,0.047619,0.047619,0.095238,0,0.095238,0.047619,0,0,0.095238,0,0.14286,0,0.047619,0.047619,0.095238,0,0.14286,0.047619,0.19048,0.14286,0.047619,0.28571,0,0.14286,0.095238,0,0.047619,0.047619,0,0.047619,0.095238,0.38095,0.095238,0.47619,0.095238,0.047619,0.095238,0,0,0.047619,0,0,1,0.33333,0.14286,0.095238,0.14286,0.095238,0.047619,0.33333,0.095238,0.047619,0.14286,0.14286,0.095238,0.19048,0.047619,0.14286,0.47619,0.33333,0.095238,0.047619,0.2381,0.19048,0.095238,0.2381,0.047619,0.047619,0.28571,0.14286,0,0.095238,0.2381,0.14286,0.047619,0.14286,0.2381,0.047619,0.19048,0.2381,0.2381,0.095238,0.095238,0.2381,0.2381,0.047619,0.047619,0,0.047619,0.19048,0.14286
0.044444,0.044444,0.044444,0.044444,0.044444,0.022222,0.044444,0.066667,0.044444,0.044444,0.044444,0.044444,0.022222,0.066667,0.022222,0,0,0.066667,0,0.11111,0.022222,0,0.088889,0.088889,0.044444,0.066667,0.044444,0.11111,0,0.044444,0.17778,0.022222,0.066667,0.044444,0.022222,0,0,0.088889,0.022222,0.022222,0.11111,0.088889,0.11111,0.022222,0.022222,0.15556,0.044444,0.088889,0.022222,0.022222,0,0.15556,1,0.15556,0.044444,0.066667,0.044444,0.066667,0.37778,0.11111,0.044444,0.2,0.088889,0.088889,0.17778,0.066667,0.088889,0.15556,0.2,0.044444,0.13333,0.066667,0.088889,0.11111,0.022222,0.044444,0.044444,0.15556,0.044444,0.022222,0.088889,0.22222,0.13333,0.088889,0.11111,0.2,0.088889,0.088889,0.2,0.044444,0.066667,0.088889,0.17778,0.044444,0.11111,0.066667,0.022222,0.066667,0.22222,0.13333
0.1101,0.10768,0.086509,0.1216,0.10829,0.10708,0.094979,0.13067,0.1095,0.12583,0.11736,0.099214,0.00060496,0.0018149,0.0012099,0.14701,0.0066546,0.08167,0.00060496,0.0030248,0.21355,0.097399,0.0036298,0.00060496,0.19903,0.0036298,0.072595,0.0012099,0.2196,0.00060496,0.16636,0.28252,0.18028,0.0042347,0.00060496,0.15789,0.22142,0.0012099,0.0012099,0.0018149,0.0042347,0.18875,0.21416,0.0054446,0.19601,0.16939,0.21839,0.21839,0.0036298,0.00060496,0,0.0018149,0.0042347,0.9994,0.24924,0.32123,0.24622,0.2807,0.33999,0.21174,0.21718,0.28494,0.26013,0.27405,0.27284,0.27647,0.16818,0.2686,0.0030248,0.20387,0.19661,0.18754,0.18209,0.27405,0.18633,0.0012099,0.0024198,0.0030248,0.21113,0.0018149,0.21234,0.16031,0.17786,0.0066546,0.10345,0.22323,0.24682,0.22444,0.31034,0.00060496,0.0024198,0.21658,0.20992,0.21537,0.00060496,0.0018149,0.0012099,0.18512,0.1948,0.15729
0.12189,0.10505,0.093603,0.11987,0.10976,0.095623,0.072054,0.11717,0.082828,0.11919,0.088215,0.1165,0.0020202,0.0006734,0.0013468,0.15017,0.0060606,0.086869,0,0.0013468,0.30909,0.11717,0.0020202,0.0013468,0.24646,0.0013468,0.055219,0.0053872,0.26061,0.0026936,0.2101,0.22222,0.22761,0.0026936,0.0013468,0.1798,0.233,0.0020202,0,0.0013468,0.0047138,0.22088,0.27071,0.0006734,0.23636,0.26263,0.23165,0.23165,0.0006734,0,0,0.0013468,0.0013468,0.27744,0.99933,0.30303,0.27138,0.27138,0.22424,0.26128,0.18721,0.25185,0.3064,0.34276,0.24512,0.25522,0.21481,0.2862,0.0013468,0.22626,0.20269,0.25791,0.22155,0.26263,0.18653,0.0020202,0.0026936,0.0006734,0.23502,0.0006734,0.29428,0.23098,0.167,0.0026936,0.14747,0.21751,0.25455,0.32727,0.24444,0.0013468,0.0013468,0.18316,0.20471,0.32189,0,0.0006734,0,0.17104,0.2734,0.15152
0.12039,0.10526,0.084694,0.11736,0.11313,0.10345,0.092559,0.12402,0.096189,0.1101,0.10103,0.10405,0.00060496,0.0024198,0,0.12886,0.0054446,0.099819,0.00060496,0.0024198,0.20327,0.077435,0.0018149,0.0018149,0.2317,0.0054446,0.0732,0.0024198,0.23291,0.00060496,0.21295,0.2686,0.19903,0.0030248,0.0012099,0.19056,0.20871,0.0048397,0.0012099,0.0018149,0.0018149,0.2317,0.21113,0.0018149,0.22021,0.22202,0.25469,0.24743,0.0054446,0.00060496,0.00060496,0.0018149,0.0018149,0.32123,0.27223,0.99879,0.26376,0.28917,0.32123,0.22202,0.25469,0.30006,0.25529,0.30611,0.2444,0.27102,0.21839,0.28857,0.0018149,0.24985,0.2801,0.28131,0.18935,0.27344,0.21476,0.00060496,0.0024198,0.0018149,0.22384,0.0024198,0.2807,0.21779,0.18088,0.0042347,0.12039,0.22989,0.23472,0.26376,0.38475,0.00060496,0.00060496,0.22081,0.22747,0.25832,0.0024198,0.0012099,0.0030248,0.18451,0.22989,0.17423
0.10338,0.10589,0.095865,0.13033,0.1109,0.10777,0.085213,0.13471,0.097118,0.11404,0.11404,0.10213,0.00062657,0,0.00062657,0.11028,0.0056391,0.10088,0.00062657,0.0012531,0.29073,0.10464,0.0018797,0.0012531,0.24373,0.0025063,0.075815,0.004386,0.23371,0.0012531,0.21679,0.21867,0.21178,0.0018797,0,0.1416,0.23622,0.0012531,0,0.00062657,0.00062657,0.2713,0.24875,0.0018797,0.23434,0.17794,0.26566,0.20802,0.0012531,0,0.0012531,0.0012531,0.0012531,0.25501,0.25251,0.27318,0.99812,0.23684,0.21491,0.23622,0.19424,0.2594,0.28759,0.27569,0.23997,0.21178,0.25188,0.22995,0.0025063,0.24937,0.25815,0.24749,0.17607,0.22368,0.1911,0.00062657,0.0025063,0.0012531,0.19925,0,0.25188,0.17607,0.17231,0.0012531,0.14599,0.20489,0.22494,0.25564,0.26003,0.00062657,0.0018797,0.18922,0.25125,0.24937,0.0018797,0.0012531,0,0.17732,0.19298,0.13033
0.11448,0.09899,0.082828,0.10505,0.10303,0.095623,0.0633,0.097643,0.086869,0.099663,0.099663,0.10707,0.0006734,0.0020202,0.0006734,0.1266,0.006734,0.075421,0,0.0013468,0.24444,0.086869,0.0013468,0.0006734,0.19798,0.0040404,0.061279,0.003367,0.20673,0.0006734,0.21212,0.24916,0.20202,0.003367,0.0006734,0.15825,0.21818,0.0040404,0.0020202,0.003367,0.0020202,0.18855,0.25791,0.0020202,0.19394,0.20202,0.21751,0.2303,0.0020202,0.0013468,0,0.0006734,0.0020202,0.31246,0.27138,0.32189,0.25455,0.99933,0.32525,0.1899,0.21077,0.3064,0.25791,0.31852,0.30034,0.29832,0.22357,0.27811,0.0026936,0.27273,0.26936,0.28956,0.18451,0.32997,0.25657,0.0040404,0.0013468,0.0013468,0.20673,0.0040404,0.25522,0.20741,0.18316,0.0074074,0.12256,0.23569,0.32323,0.23569,0.31515,0.0026936,0.0013468,0.2303,0.2633,0.21279,0.0040404,0.003367,0.0006734,0.20943,0.233,0.14209
0.10768,0.1095,0.088929,0.10708,0.096189,0.095584,0.096189,0.11736,0.096189,0.10587,0.095584,0.084694,0.00060496,0.0024198,0.00060496,0.10829,0.0042347,0.068966,0,0.0024198,0.18088,0.093164,0.0012099,0.0036298,0.17302,0.0060496,0.056866,0.0024198,0.1712,0.0012099,0.15608,0.22807,0.14519,0.0024198,0.00060496,0.14822,0.19722,0.0054446,0.0012099,0.0030248,0.0024198,0.1954,0.19298,0.0048397,0.17181,0.16636,0.17302,0.21658,0.0072595,0.00060496,0.00060496,0.0042347,0.010284,0.33999,0.20145,0.32123,0.2075,0.2922,1,0.21597,0.20085,0.30913,0.21113,0.27405,0.30067,0.31034,0.1706,0.25106,0.0072595,0.18209,0.21113,0.20871,0.17302,0.28796,0.18572,0.0018149,0.0030248,0.0042347,0.22686,0.0030248,0.23472,0.17907,0.15306,0.0054446,0.12281,0.23654,0.24017,0.23533,0.33454,0.0030248,0.0024198,0.17786,0.17423,0.25469,0.0060496,0.0048397,0.0030248,0.15668,0.17907,0.14519
0.099214,0.090139,0.068361,0.10889,0.085904,0.07804,0.084694,0.10405,0.085904,0.10163,0.10345,0.082275,0.0018149,0.00060496,0.0024198,0.11676,0.0060496,0.064126,0,0.00060496,0.22868,0.13733,0.0018149,0.0018149,0.22626,0.0030248,0.066546,0.00060496,0.23412,0.00060496,0.20327,0.17786,0.29038,0.0018149,0,0.18512,0.25227,0.0012099,0.0012099,0.0018149,0.0018149,0.2801,0.25408,0.0030248,0.26013,0.18028,0.2807,0.26497,0.0054446,0.0018149,0.0024198,0.0012099,0.0030248,0.21174,0.23472,0.22202,0.22807,0.1706,0.21597,0.99879,0.19601,0.19419,0.23835,0.25106,0.22263,0.19722,0.20932,0.3049,0.0030248,0.30127,0.1954,0.20024,0.27889,0.22444,0.18754,0.0012099,0.0012099,0.0036298,0.20206,0.0054446,0.24864,0.21537,0.21113,0.0024198,0.17967,0.18693,0.15668,0.21597,0.19782,0.0018149,0.0012099,0.20024,0.15608,0.21295,0.00060496,0.0036298,0.00060496,0.21779,0.23714,0.18572
0.1195,0.09993,0.085255,0.10762,0.10762,0.1167,0.10692,0.10832,0.12369,0.1181,0.13208,0.076171,0,0.0013976,0,0.1167,0.0097834,0.071279,0,0.0027952,0.19008,0.116,0.0020964,0,0.21454,0.0020964,0.085255,0.0013976,0.19706,0.0013976,0.16352,0.25157,0.1754,0.0027952,0,0.16212,0.16422,0.0020964,0.00069881,0.0020964,0.00069881,0.18169,0.19008,0.0027952,0.18029,0.19078,0.22222,0.22642,0.0020964,0,0.0020964,0.00069881,0.0013976,0.25087,0.19427,0.2942,0.21663,0.21873,0.23201,0.22642,0.9993,0.21663,0.2348,0.21873,0.19776,0.21244,0.15024,0.27813,0.0034941,0.21174,0.17261,0.21454,0.21174,0.2369,0.18798,0.00069881,0.0020964,0.0013976,0.21104,0.0013976,0.27743,0.18938,0.16632,0.0013976,0.13208,0.2341,0.22642,0.28861,0.25996,0.00069881,0.00069881,0.22711,0.15653,0.19916,0.0020964,0.0020964,0,0.1782,0.22222,0.15094
0.10889,0.10526,0.082275,0.098004,0.10345,0.083485,0.091349,0.10526,0.098004,0.12341,0.10526,0.10224,0,0.0024198,0.0024198,0.10163,0.0048397,0.07562,0,0.0018149,0.22021,0.093769,0.0024198,0.0018149,0.18028,0.0060496,0.0732,0.0030248,0.20992,0.00060496,0.18088,0.27405,0.18996,0.0036298,0,0.15789,0.20932,0.0066546,0.0018149,0.0018149,0.0012099,0.19722,0.18572,0.0036298,0.2075,0.20024,0.23835,0.20871,0.0036298,0,0.0012099,0.0018149,0.0054446,0.28494,0.22626,0.30006,0.25045,0.27526,0.30913,0.19419,0.18754,1,0.31518,0.25832,0.30067,0.26134,0.19722,0.23533,0.0042347,0.17907,0.2801,0.25045,0.15668,0.28433,0.24864,0.0036298,0.0012099,0.0030248,0.28191,0.0066546,0.22142,0.15487,0.16999,0.0048397,0.13491,0.17846,0.25348,0.19056,0.31095,0.0030248,0.0030248,0.19964,0.18935,0.24743,0.0042347,0.0066546,0.0042347,0.14459,0.16878,0.13854
0.10103,0.091954,0.08409,0.10466,0.097399,0.095584,0.094374,0.10708,0.096189,0.1095,0.10708,0.07441,0,0.0036298,0.00060496,0.11252,0.0096794,0.062311,0.00060496,0.00060496,0.26195,0.10345,0.0012099,0.0018149,0.17907,0.0012099,0.058681,0.0012099,0.22323,0.0024198,0.16334,0.28554,0.17604,0.0036298,0,0.16394,0.24138,0.0048397,0,0.0012099,0.0024198,0.19843,0.21597,0.0042347,0.21053,0.22565,0.21597,0.20569,0.0036298,0.00060496,0.00060496,0.0018149,0.0024198,0.26013,0.27526,0.25529,0.27768,0.2317,0.21113,0.23835,0.20327,0.31518,0.9994,0.24985,0.29038,0.25953,0.1712,0.20024,0.0030248,0.19419,0.23533,0.20266,0.1833,0.26134,0.3412,0.0012099,0.0012099,0.0036298,0.31337,0.0024198,0.18572,0.17967,0.15124,0.0012099,0.12281,0.19177,0.24198,0.20448,0.29946,0.0030248,0.0054446,0.1591,0.16394,0.24198,0.0036298,0.0078645,0.00060496,0.18149,0.18572,0.12281
0.10103,0.084694,0.082275,0.096794,0.087114,0.085904,0.088929,0.11131,0.08167,0.10284,0.087719,0.078645,0.0018149,0.0018149,0.0030248,0.11978,0.0054446,0.088324,0,0.0018149,0.20932,0.094374,0.0024198,0.0012099,0.18814,0.0018149,0.065941,0.0024198,0.19843,0.0018149,0.17483,0.23835,0.21295,0.0036298,0.00060496,0.14217,0.18814,0.0030248,0.0012099,0.0018149,0.0024198,0.19722,0.16999,0.0024198,0.1833,0.21234,0.25892,0.21597,0.0054446,0.0018149,0.0012099,0.0012099,0.0024198,0.27405,0.30792,0.30611,0.26618,0.28615,0.27405,0.25106,0.18935,0.25832,0.24985,1,0.29885,0.30127,0.17483,0.30672,0.0036298,0.22989,0.21416,0.28615,0.20811,0.26981,0.24803,0.0036298,0.0018149,0.0042347,0.22202,0.0024198,0.25227,0.17181,0.1591,0.0048397,0.13309,0.2069,0.25892,0.27889,0.27344,0.0036298,0.0012099,0.17786,0.24985,0.29341,0.0030248,0.0042347,0,0.17907,0.19117,0.14943
0.12039,0.097399,0.08046,0.10103,0.10284,0.10224,0.10768,0.11252,0.12523,0.11978,0.10526,0.083485,0.0018149,0.0012099,0.00060496,0.10829,0.0054446,0.078645,0,0.0018149,0.18451,0.092559,0.0030248,0.0036298,0.15729,0.0048397,0.063521,0.0030248,0.19238,0.0012099,0.16878,0.22626,0.1591,0.0012099,0.0012099,0.15306,0.20327,0.0036298,0.0018149,0.0018149,0.0024198,0.19359,0.18391,0.0036298,0.17483,0.17483,0.23654,0.20811,0.0018149,0.0018149,0.0018149,0.0024198,0.0048397,0.27284,0.22021,0.2444,0.2317,0.26981,0.30067,0.22263,0.1712,0.30067,0.29038,0.29885,0.9994,0.26679,0.19238,0.27949,0.0084694,0.21053,0.25529,0.25348,0.21174,0.27284,0.24924,0.0024198,0.0024198,0.0018149,0.24743,0.0024198,0.27284,0.1833,0.1464,0.0042347,0.13188,0.19419,0.28917,0.18209,0.30913,0.0066546,0.0036298,0.19359,0.18451,0.29583,0.0012099,0.0012099,0.0012099,0.16697,0.18209,0.14156
0.098371,0.10526,0.080201,0.1084,0.10401,0.098371,0.08584,0.12155,0.10088,0.10276,0.097744,0.080201,0.0025063,0.004386,0.00062657,0.10652,0.010025,0.077694,0.00062657,0.0018797,0.18672,0.08208,0.0018797,0.0012531,0.23496,0.0018797,0.06391,0.0025063,0.2005,0.00062657,0.1698,0.20175,0.2005,0.0050125,0.0025063,0.14411,0.20551,0.0031328,0.0012531,0.0012531,0.0012531,0.18045,0.19612,0.0018797,0.22368,0.19361,0.19925,0.22556,0.0056391,0.00062657,0.0018797,0.00062657,0.0018797,0.28634,0.23747,0.2807,0.21178,0.27757,0.32143,0.20426,0.19048,0.27068,0.2688,0.31203,0.27632,0.99875,0.19048,0.23559,0.0012531,0.20802,0.28634,0.20677,0.1817,0.28634,0.21303,0.0012531,0.0018797,0.0018797,0.25689,0.0012531,0.23183,0.21366,0.15789,0.0031328,0.11842,0.19799,0.25,0.23434,0.34962,0.0025063,0.00062657,0.17043,0.19048,0.24812,0.0037594,0.0012531,0.00062657,0.16917,0.22682,0.14098
0.095455,0.092857,0.070779,0.092208,0.083766,0.086364,0.069481,0.083117,0.084416,0.096753,0.088312,0.11299,0.0019481,0.00064935,0.00064935,0.12792,0.0058442,0.065584,0,0.0019481,0.29286,0.083766,0.00064935,0.0019481,0.19221,0.0019481,0.054545,0.0038961,0.24156,0.00064935,0.16104,0.16753,0.18247,0.0058442,0,0.12403,0.22143,0.0012987,0.00064935,0.0038961,0.0064935,0.20779,0.23961,0.0025974,0.2487,0.18766,0.19481,0.19805,0.0025974,0,0.0012987,0.0019481,0.0025974,0.18052,0.20714,0.23442,0.26104,0.21558,0.18312,0.22468,0.13961,0.21169,0.18377,0.18766,0.20649,0.1974,1,0.20519,0.0012987,0.21688,0.22792,0.17078,0.19026,0.20195,0.15325,0.0012987,0.00064935,0.0012987,0.19416,0.00064935,0.20649,0.19286,0.18831,0.0038961,0.12208,0.16818,0.17143,0.17597,0.2474,0.0012987,0.00064935,0.19221,0.17143,0.20519,0.0019481,0.0012987,0,0.22468,0.22013,0.12013
0.096189,0.098004,0.068966,0.10284,0.099819,0.086509,0.087114,0.094979,0.094979,0.10224,0.10103,0.091954,0.00060496,0.0018149,0.0012099,0.13128,0.0048397,0.071385,0,0.0018149,0.20085,0.1216,0.00060496,0.0012099,0.21295,0.0030248,0.087114,0.0030248,0.23351,0.0012099,0.2069,0.2196,0.22626,0.0048397,0.0024198,0.16939,0.2069,0.0030248,0.00060496,0.0054446,0.0066546,0.24622,0.20145,0.0036298,0.20145,0.23533,0.3775,0.30792,0.0018149,0.0018149,0.00060496,0.0060496,0.0042347,0.2686,0.25711,0.28857,0.22202,0.24985,0.25106,0.3049,0.24077,0.23533,0.20024,0.30672,0.27949,0.22747,0.19117,0.99879,0.0090744,0.28796,0.20085,0.19298,0.31276,0.28736,0.17846,0.0030248,0.0012099,0.0042347,0.19722,0.0030248,0.31034,0.31337,0.22202,0.0084694,0.14035,0.34846,0.19722,0.27526,0.2317,0.0036298,0.0024198,0.26981,0.23654,0.2686,0.0036298,0.0042347,0.0012099,0.24077,0.26255,0.22868
0,0.14286,0.14286,0.035714,0.10714,0,0,0.10714,0.071429,0,0,0.035714,0,0.10714,0.035714,0.071429,0,0.10714,0,0.21429,0.035714,0.071429,0.035714,0.10714,0.17857,0.17857,0.035714,0.071429,0.10714,0.10714,0.17857,0.035714,0.14286,0.035714,0.035714,0,0.035714,0.28571,0,0.14286,0.25,0.035714,0.28571,0.10714,0.10714,0.35714,0.10714,0.035714,0.10714,0.035714,0,0.25,0.32143,0.17857,0.071429,0.10714,0.14286,0.14286,0.42857,0.17857,0.17857,0.25,0.17857,0.21429,0.5,0.071429,0.071429,0.53571,1,0.071429,0.21429,0.10714,0.28571,0.17857,0.10714,0.14286,0.035714,0.35714,0.10714,0.14286,0.17857,0.39286,0.14286,0.14286,0.21429,0.53571,0.071429,0.17857,0.14286,0.035714,0.071429,0.17857,0.39286,0.14286,0.25,0.21429,0.035714,0.071429,0.25,0.21429
0.08288,0.07441,0.070175,0.11373,0.088324,0.087719,0.081065,0.087719,0.082275,0.091349,0.084694,0.10587,0.00060496,0.00060496,0.0012099,0.12099,0.0066546,0.068966,0,0.0030248,0.21355,0.10163,0.0018149,0.0024198,0.17907,0.0054446,0.052632,0.0024198,0.20085,0.00060496,0.20206,0.19056,0.20206,0.0030248,0.0018149,0.15789,0.18693,0.0030248,0.00060496,0.0012099,0.0018149,0.268,0.24743,0.0024198,0.24259,0.1712,0.23956,0.23412,0.0024198,0.00060496,0.00060496,0.0012099,0.0012099,0.20387,0.20327,0.24985,0.24077,0.24501,0.18209,0.30127,0.1833,0.17907,0.19419,0.22989,0.21053,0.20085,0.20206,0.28796,0.0012099,0.9994,0.17604,0.19661,0.20387,0.25045,0.16455,0.00060496,0.0012099,0.0012099,0.16515,0.0012099,0.25287,0.20569,0.18209,0.0024198,0.13914,0.17604,0.1827,0.18996,0.21537,0.00060496,0.0012099,0.26558,0.15547,0.16092,0.00060496,0.0018149,0.00060496,0.20992,0.25892,0.15064
0.094979,0.093769,0.067151,0.11494,0.097399,0.10103,0.079855,0.1101,0.079855,0.10405,0.093769,0.097399,0.0018149,0.0036298,0.0012099,0.083485,0.0084694,0.068361,0.00060496,0.0024198,0.19601,0.075015,0.0018149,0.0024198,0.16697,0.0054446,0.058076,0.0018149,0.22747,0.00060496,0.17967,0.18209,0.19056,0.0030248,0.00060496,0.13975,0.21658,0.0042347,0.00060496,0.0018149,0.0012099,0.20932,0.1712,0.0018149,0.22384,0.17604,0.17786,0.19117,0.0060496,0.00060496,0.0024198,0.00060496,0.0036298,0.19661,0.18209,0.2801,0.24924,0.24198,0.21113,0.1954,0.14943,0.2801,0.23533,0.21416,0.25529,0.27647,0.21234,0.20085,0.0036298,0.17604,0.99879,0.21839,0.15245,0.26558,0.23956,0.0018149,0.00060496,0.0024198,0.20508,0.00060496,0.17483,0.16394,0.13128,0.010284,0.13854,0.20629,0.21113,0.21839,0.34846,0.0018149,0.00060496,0.18935,0.19177,0.22686,0.0090744,0.0024198,0.0018149,0.16878,0.19359,0.13914
0.085522,0.078114,0.082828,0.10303,0.082828,0.090236,0.076768,0.10168,0.07138,0.10438,0.087542,0.096296,0.0013468,0.0013468,0.0020202,0.083502,0.0053872,0.062626,0.0006734,0.0013468,0.2,0.11515,0.0026936,0.0020202,0.16835,0.0020202,0.051852,0.003367,0.21279,0.0006734,0.16296,0.18182,0.19596,0.0020202,0.0006734,0.14613,0.18451,0.0047138,0.0006734,0.0020202,0.0026936,0.17845,0.14815,0.0026936,0.19125,0.20741,0.26801,0.22626,0.0040404,0.0013468,0.0006734,0.003367,0.0020202,0.20875,0.25791,0.31313,0.26599,0.28956,0.23232,0.2229,0.20673,0.27879,0.22559,0.31852,0.28215,0.22222,0.1771,0.21481,0.0020202,0.21886,0.2431,1,0.17912,0.25926,0.21616,0.0047138,0.0053872,0.0020202,0.18316,0.0047138,0.25253,0.18855,0.15825,0.0020202,0.15286,0.21145,0.2202,0.25859,0.28418,0.0026936,0.0020202,0.20943,0.21886,0.2532,0.0006734,0.0080808,0.0006734,0.15825,0.22357,0.18249
0.0732,0.087114,0.068966,0.083485,0.08046,0.079855,0.079855,0.093769,0.08288,0.095584,0.095584,0.067151,0.00060496,0.0012099,0.00060496,0.098004,0.0054446,0.065941,0.00060496,0.0018149,0.21053,0.10587,0.0018149,0.00060496,0.16636,0.0066546,0.058076,0.0012099,0.22384,0.0012099,0.21295,0.17423,0.20145,0.0030248,0.0018149,0.11857,0.17725,0.0042347,0.0018149,0.0042347,0.0012099,0.25469,0.19298,0.0018149,0.18996,0.19903,0.23593,0.21476,0.0048397,0.0018149,0.0012099,0.0024198,0.0024198,0.18209,0.19903,0.18935,0.16999,0.16576,0.17302,0.27889,0.1833,0.15668,0.1833,0.20811,0.21174,0.17544,0.17725,0.31276,0.0048397,0.20387,0.15245,0.16092,0.9994,0.22384,0.17181,0.0018149,0.0030248,0.0048397,0.17544,0.0048397,0.2069,0.26437,0.2196,0.0036298,0.18693,0.22142,0.19419,0.19722,0.18028,0.0018149,0.0024198,0.19843,0.14156,0.15668,0.0030248,0.0054446,0.0018149,0.24682,0.29704,0.17181
0.088324,0.082275,0.078645,0.10163,0.096794,0.082275,0.07078,0.10163,0.088929,0.10587,0.10284,0.075015,0.00060496,0.0018149,0.0012099,0.11736,0.0084694,0.071385,0,0.0012099,0.21234,0.11373,0.00060496,0,0.21113,0.0042347,0.062916,0.0012099,0.22142,0.0012099,0.18391,0.26074,0.17302,0.0018149,0.0012099,0.15487,0.20871,0.0024198,0.0012099,0.0012099,0.00060496,0.21779,0.19419,0.0012099,0.22081,0.18814,0.20387,0.2565,0.0030248,0,0.00060496,0.0012099,0.0030248,0.27405,0.23593,0.27344,0.21597,0.29643,0.28796,0.22444,0.20508,0.28433,0.26134,0.26981,0.27284,0.27647,0.18814,0.28736,0.0030248,0.25045,0.26558,0.23291,0.22384,0.9994,0.24077,0.00060496,0.0018149,0.0024198,0.2559,0.0042347,0.25045,0.16818,0.17604,0.0060496,0.13793,0.20024,0.25892,0.22081,0.33575,0.0012099,0.0018149,0.23049,0.20206,0.27405,0.0018149,0.0054446,0.0012099,0.17604,0.21355,0.14035
0.10163,0.082275,0.08288,0.089534,0.084694,0.090139,0.085299,0.096189,0.095584,0.10345,0.1337,0.08046,0.00060496,0.00060496,0.0012099,0.08409,0.0060496,0.058681,0.00060496,0.0018149,0.1585,0.090139,0.0012099,0.0018149,0.13975,0.0030248,0.064126,0.0012099,0.16213,0.0018149,0.15729,0.22444,0.17786,0.0042347,0.0012099,0.12765,0.15003,0.0036298,0.00060496,0.0018149,0.0012099,0.1827,0.13249,0.0036298,0.15668,0.18149,0.17846,0.17604,0.0030248,0,0.0024198,0.0030248,0.00060496,0.18633,0.16757,0.21476,0.18451,0.23049,0.18572,0.18754,0.16273,0.24864,0.3412,0.24803,0.24924,0.20569,0.14277,0.17846,0.0018149,0.16455,0.23956,0.19419,0.17181,0.24077,0.9994,0.00060496,0.0024198,0.0018149,0.25529,0.00060496,0.15306,0.13188,0.1222,0.0066546,0.12644,0.18996,0.21053,0.16757,0.30127,0.0030248,0.00060496,0.16636,0.14398,0.21476,0.0024198,0.0054446,0,0.1458,0.16213,0.11857
0.047619,0.047619,0.047619,0.047619,0.047619,0.047619,0,0.14286,0.14286,0,0.047619,0.047619,0.047619,0.047619,0,0,0,0,0,0,0.047619,0.047619,0.14286,0.2381,0.047619,0.047619,0,0.28571,0.047619,0,0.095238,0.047619,0.14286,0.095238,0.047619,0,0.047619,0.095238,0,0.2381,0.33333,0,0.19048,0.095238,0,0.047619,0.047619,0.14286,0,0,0.047619,0.047619,0.095238,0.095238,0.14286,0.047619,0.047619,0.28571,0.14286,0.095238,0.047619,0.28571,0.095238,0.28571,0.19048,0.095238,0.095238,0.2381,0.19048,0.047619,0.14286,0.33333,0.14286,0.047619,0.047619,1,0,0.095238,0.14286,0.095238,0.095238,0.33333,0.28571,0.28571,0.28571,0.095238,0.047619,0.14286,0.2381,0.095238,0.047619,0.095238,0.14286,0.047619,0.14286,0.14286,0,0,0.047619,0.095238
0.10714,0.035714,0.071429,0.071429,0,0.035714,0.035714,0.071429,0.035714,0.035714,0,0.035714,0.035714,0,0,0,0,0.035714,0,0.071429,0.035714,0,0,0,0.10714,0.10714,0.035714,0,0.035714,0,0.071429,0.035714,0.071429,0.035714,0.035714,0,0.035714,0.035714,0,0.035714,0.035714,0.14286,0.035714,0.035714,0.071429,0.14286,0.035714,0.071429,0.035714,0,0,0.035714,0.071429,0.14286,0.14286,0.14286,0.14286,0.071429,0.17857,0.071429,0.10714,0.071429,0.071429,0.10714,0.14286,0.10714,0.035714,0.071429,0.035714,0.071429,0.035714,0.28571,0.17857,0.10714,0.14286,0,1,0.035714,0.21429,0.071429,0.071429,0.071429,0.14286,0.071429,0.14286,0.10714,0.17857,0.14286,0.10714,0.035714,0.035714,0.14286,0.14286,0.17857,0,0,0.035714,0.21429,0.17857,0.14286
0,0.035714,0.10714,0.035714,0.10714,0.071429,0.035714,0.071429,0.035714,0,0.071429,0,0.071429,0.035714,0,0,0,0.10714,0,0.035714,0.035714,0.071429,0.071429,0.035714,0.071429,0.10714,0.071429,0.10714,0.14286,0,0.21429,0.035714,0.21429,0.035714,0,0.035714,0.071429,0.10714,0.035714,0.071429,0.25,0,0.10714,0.10714,0.035714,0,0.035714,0,0.10714,0.035714,0,0.21429,0.25,0.17857,0.035714,0.10714,0.071429,0.071429,0.25,0.21429,0.071429,0.17857,0.21429,0.25,0.10714,0.10714,0.071429,0.25,0.35714,0.071429,0.14286,0.10714,0.28571,0.14286,0.10714,0.071429,0.035714,1,0.10714,0.071429,0.21429,0.14286,0.10714,0.21429,0.17857,0.25,0.21429,0.32143,0.17857,0.071429,0.071429,0.14286,0.28571,0.25,0.17857,0.14286,0,0.10714,0.071429,0.28571
0.095455,0.092208,0.061688,0.087662,0.094156,0.081818,0.092208,0.098701,0.096753,0.10325,0.097403,0.068182,0.00064935,0.0012987,0.00064935,0.11429,0.0051948,0.077922,0,0.0032468,0.18506,0.11364,0.0019481,0,0.2,0.0038961,0.061039,0.00064935,0.17597,0.00064935,0.17273,0.22208,0.16883,0,0.00064935,0.14416,0.20649,0.0025974,0.0012987,0.0045455,0.0012987,0.15779,0.17338,0.0058442,0.23052,0.19221,0.1987,0.23766,0.0038961,0.0012987,0.0012987,0.0019481,0.0012987,0.22662,0.22662,0.24026,0.20649,0.19935,0.24351,0.21688,0.1961,0.3026,0.33636,0.23831,0.26558,0.26623,0.19416,0.21169,0.0019481,0.17727,0.22013,0.17662,0.18831,0.27468,0.27403,0.0019481,0.0038961,0.0019481,0.9987,0.0038961,0.19026,0.19935,0.14221,0.0051948,0.13182,0.15,0.20974,0.17922,0.30974,0.0025974,0.0019481,0.18506,0.15325,0.29091,0.0025974,0.0045455,0.00064935,0.1461,0.16494,0.11753
0.10714,0.071429,0.035714,0.10714,0.035714,0.035714,0.14286,0.10714,0.035714,0.035714,0.035714,0,0.071429,0.035714,0.071429,0.035714,0,0.071429,0,0.035714,0.071429,0.071429,0.035714,0.035714,0.071429,0.035714,0.035714,0.10714,0.10714,0,0.071429,0.035714,0.071429,0.071429,0.035714,0.035714,0.035714,0.14286,0,0.035714,0.071429,0.10714,0.071429,0.14286,0.071429,0.10714,0.17857,0.071429,0.10714,0,0.071429,0,0.035714,0.10714,0.035714,0.14286,0,0.21429,0.17857,0.32143,0.071429,0.39286,0.14286,0.14286,0.14286,0.071429,0.035714,0.17857,0.14286,0.071429,0.035714,0.25,0.28571,0.25,0.035714,0.071429,0.071429,0.071429,0.21429,1,0.035714,0.21429,0.5,0.14286,0.035714,0.28571,0.035714,0.17857,0.21429,0.14286,0.035714,0.035714,0.25,0.17857,0.035714,0.21429,0.035714,0.035714,0.10714,0.14286
0.10589,0.10589,0.075188,0.13346,0.10401,0.096491,0.072682,0.10025,0.075815,0.095865,0.095238,0.10025,0,0.00062657,0.00062657,0.11779,0.0093985,0.072682,0.00062657,0.0012531,0.21679,0.099624,0,0.0012531,0.21679,0.0025063,0.068296,0.0025063,0.23308,0,0.22682,0.2099,0.19987,0.0018797,0.00062657,0.21303,0.20865,0.00062657,0.0018797,0,0.0025063,0.27005,0.22744,0.0025063,0.19236,0.20363,0.25063,0.19987,0.0018797,0.00062657,0.00062657,0.0012531,0.0025063,0.21992,0.27381,0.29073,0.25188,0.23747,0.24311,0.25752,0.24875,0.22932,0.19236,0.26128,0.28258,0.23183,0.19925,0.32143,0.0031328,0.2619,0.18108,0.23496,0.21429,0.2594,0.15852,0.0012531,0.0012531,0.0037594,0.18358,0.00062657,1,0.25063,0.1886,0.004386,0.11591,0.28697,0.2099,0.31203,0.23747,0.00062657,0.0031328,0.27005,0.19737,0.26566,0.0018797,0.0056391,0.00062657,0.24749,0.23434,0.19862
0.077441,0.079461,0.066667,0.099663,0.078114,0.078788,0.079461,0.081481,0.06936,0.087542,0.11111,0.091582,0.0006734,0.0026936,0,0.10842,0.0087542,0.068687,0,0.0013468,0.19327,0.10034,0.0047138,0.0047138,0.18923,0.0040404,0.066667,0.003367,0.17239,0.0026936,0.18788,0.14007,0.21684,0.0053872,0.0006734,0.15556,0.18384,0.003367,0.0013468,0.003367,0.003367,0.25185,0.19394,0.0047138,0.18721,0.20404,0.24512,0.29832,0.0026936,0,0.0026936,0.003367,0.006734,0.17845,0.23098,0.24242,0.18923,0.20741,0.19933,0.23973,0.18249,0.17239,0.2,0.19125,0.20404,0.22963,0.2,0.34882,0.0074074,0.22896,0.18249,0.18855,0.29428,0.18721,0.1468,0.0047138,0.0013468,0.0026936,0.20673,0.0040404,0.26936,1,0.18384,0.012795,0.16229,0.27138,0.19327,0.25657,0.23098,0.0060606,0.0020202,0.26128,0.15017,0.17912,0.003367,0.0026936,0.0013468,0.18788,0.30438,0.18114
0.07562,0.07925,0.064731,0.08288,0.067151,0.082275,0.067756,0.071385,0.064126,0.088929,0.085904,0.07441,0.0012099,0.0024198,0.0024198,0.11676,0.0054446,0.065336,0,0.0012099,0.18935,0.1101,0.0018149,0.0012099,0.17302,0.0042347,0.053237,0.0036298,0.17423,0,0.16273,0.16213,0.19843,0.0030248,0.00060496,0.16636,0.1712,0.0036298,0.0012099,0.0030248,0.0018149,0.17241,0.17846,0.0024198,0.18875,0.14519,0.16394,0.16697,0.0030248,0,0.0012099,0.0018149,0.0036298,0.17786,0.15003,0.18088,0.16636,0.16455,0.15306,0.21113,0.14398,0.16999,0.15124,0.1591,0.1464,0.15245,0.17544,0.22202,0.0024198,0.18209,0.13128,0.14217,0.2196,0.17604,0.1222,0.0036298,0.0024198,0.0018149,0.13249,0.0084694,0.18209,0.16515,1,0.0042347,0.1827,0.17786,0.1337,0.14761,0.17362,0.0048397,0.0018149,0.14761,0.16213,0.14217,0.0036298,0.0054446,0.0030248,0.20266,0.1954,0.13612
0.044444,0.044444,0.022222,0.11111,0.022222,0.088889,0.088889,0.088889,0.11111,0.022222,0.044444,0.044444,0.022222,0.066667,0,0.022222,0,0.044444,0,0.088889,0.066667,0,0.044444,0.066667,0.066667,0.24444,0.066667,0.11111,0.15556,0,0.066667,0.13333,0.088889,0.11111,0.022222,0.022222,0.022222,0.088889,0,0.066667,0.15556,0.066667,0.066667,0.088889,0.044444,0.17778,0.066667,0.088889,0.066667,0.022222,0.088889,0.022222,0.088889,0.24444,0.088889,0.15556,0.044444,0.24444,0.2,0.088889,0.044444,0.17778,0.044444,0.17778,0.15556,0.11111,0.13333,0.31111,0.088889,0.088889,0.37778,0.066667,0.13333,0.22222,0.24444,0.13333,0.044444,0.13333,0.17778,0.088889,0.15556,0.42222,0.15556,1,0.13333,0.31111,0.17778,0.13333,0.22222,0.022222,0.022222,0.13333,0.17778,0.26667,0.2,0.088889,0,0.066667,0.088889,0.24444
0.077435,0.07804,0.077435,0.066546,0.064731,0.064126,0.067756,0.076225,0.082275,0.08288,0.085299,0.058076,0.00060496,0.00060496,0.00060496,0.097399,0.0048397,0.064126,0.0018149,0.0012099,0.16939,0.16636,0.0012099,0.0024198,0.14156,0.0024198,0.065941,0.0012099,0.16152,0,0.13672,0.10163,0.16939,0,0,0.13188,0.1712,0.0036298,0.0012099,0.0018149,0.0024198,0.17725,0.12825,0.0012099,0.19177,0.1222,0.14156,0.13733,0.0018149,0,0.00060496,0.0018149,0.0030248,0.10345,0.13249,0.12039,0.14096,0.1101,0.12281,0.17967,0.11434,0.13491,0.12281,0.13309,0.13188,0.11434,0.11373,0.14035,0.0036298,0.13914,0.13854,0.13733,0.18693,0.13793,0.12644,0.0036298,0.0024198,0.0030248,0.12281,0.00060496,0.11192,0.1458,0.1827,0.0036298,0.9994,0.13007,0.12341,0.12523,0.14338,0.00060496,0.00060496,0.15064,0.099819,0.14096,0.0018149,0.0012099,0.0012099,0.10587,0.13612,0.14338
0.090744,0.10284,0.077435,0.096189,0.090744,0.098004,0.067756,0.091954,0.07441,0.088929,0.094979,0.07804,0,0.0024198,0.00060496,0.07925,0.0054446,0.065941,0,0.0024198,0.18935,0.099819,0.0018149,0.0012099,0.15185,0.0030248,0.054446,0.0018149,0.17967,0.0012099,0.14398,0.15003,0.18935,0.0024198,0.0012099,0.17181,0.16757,0.0042347,0,0.0030248,0.0030248,0.19117,0.13672,0.0048397,0.18875,0.19843,0.24622,0.19359,0.0048397,0.00060496,0.0018149,0.0030248,0.0054446,0.22323,0.1954,0.22989,0.19782,0.21174,0.23654,0.18693,0.20266,0.17846,0.19177,0.2069,0.19419,0.19117,0.15668,0.34846,0.0090744,0.17604,0.20629,0.18996,0.22142,0.20024,0.18996,0.0012099,0.0018149,0.0042347,0.13975,0.0048397,0.27707,0.2438,0.17786,0.0084694,0.13007,0.9994,0.19298,0.23533,0.20266,0.0024198,0.0024198,0.25287,0.16999,0.23291,0.0054446,0.0054446,0.0012099,0.18875,0.20387,0.22868
0.11978,0.094374,0.083485,0.10708,0.088929,0.099214,0.07925,0.10466,0.10103,0.1095,0.13612,0.077435,0,0.0012099,0.0012099,0.094979,0.0048397,0.071385,0,0.0024198,0.2196,0.0732,0.0030248,0,0.16455,0.0030248,0.062916,0.0018149,0.15124,0.00060496,0.17665,0.24017,0.15306,0.0024198,0.0012099,0.14822,0.14519,0.0018149,0.0012099,0.0012099,0.0018149,0.16394,0.16031,0.0048397,0.15729,0.13067,0.20508,0.21476,0.0036298,0.0012099,0,0.00060496,0.0024198,0.24682,0.22868,0.23472,0.21718,0.29038,0.24017,0.15668,0.19601,0.25348,0.24198,0.25892,0.28917,0.24138,0.15971,0.19722,0.0012099,0.1827,0.21113,0.19782,0.19419,0.25892,0.21053,0.00060496,0.0030248,0.0036298,0.1954,0.00060496,0.20266,0.17362,0.1337,0.0048397,0.12341,0.19298,0.99819,0.20387,0.3291,0.0018149,0.0012099,0.17544,0.21658,0.22384,0.0012099,0.0036298,0.00060496,0.18633,0.21476,0.11252
0.11736,0.096794,0.07925,0.13128,0.10224,0.10103,0.090139,0.12946,0.087719,0.11918,0.094374,0.099214,0.00060496,0.0018149,0,0.11313,0.0054446,0.084694,0.0012099,0.0012099,0.20629,0.10103,0.0018149,0.0012099,0.21658,0.0030248,0.067756,0.0024198,0.23291,0.00060496,0.19722,0.18451,0.18935,0.0018149,0.0012099,0.15306,0.18028,0.0036298,0.0012099,0.0024198,0.0036298,0.23714,0.16576,0.0018149,0.19177,0.20448,0.21416,0.21658,0.0036298,0,0.00060496,0.0024198,0.0024198,0.22444,0.29401,0.26376,0.24682,0.21174,0.23533,0.21597,0.24985,0.19056,0.20448,0.27889,0.18209,0.22626,0.16394,0.27526,0.0030248,0.18996,0.21839,0.2323,0.19722,0.22081,0.16757,0.0018149,0.0024198,0.0054446,0.16697,0.0030248,0.30127,0.23049,0.14761,0.0036298,0.12523,0.23533,0.20387,1,0.24138,0.00060496,0.0012099,0.20811,0.20085,0.21416,0.0012099,0.0036298,0.0012099,0.18451,0.21718,0.18451
0.11978,0.10345,0.088929,0.1095,0.10526,0.1101,0.1095,0.12099,0.10526,0.13128,0.1095,0.094374,0.00060496,0.0018149,0,0.12523,0.0078645,0.087719,0,0.0018149,0.19722,0.10345,0.00060496,0.0036298,0.22444,0.0030248,0.07562,0.0042347,0.21839,0.0012099,0.20508,0.22747,0.16939,0.0042347,0.00060496,0.15547,0.17423,0.0018149,0.0012099,0.0030248,0.0048397,0.23109,0.20085,0.0030248,0.22626,0.19419,0.20932,0.23714,0.0042347,0.0012099,0.0012099,0.0030248,0.0054446,0.31034,0.2196,0.38475,0.25106,0.28312,0.33454,0.19782,0.22505,0.31095,0.29946,0.27344,0.30913,0.33757,0.23049,0.2317,0.0024198,0.21537,0.34846,0.25529,0.18028,0.33575,0.30127,0.0030248,0.0018149,0.0030248,0.28857,0.0036298,0.22928,0.2075,0.17362,0.0060496,0.14338,0.20266,0.3291,0.24138,0.9994,0.0048397,0.0018149,0.20387,0.21839,0.24138,0.0018149,0.0030248,0.00060496,0.18451,0.23472,0.14943
0.027778,0.027778,0.027778,0.055556,0.13889,0,0.027778,0.083333,0.027778,0.027778,0.11111,0.083333,0.027778,0.027778,0.083333,0.027778,0.027778,0.027778,0,0,0,0.027778,0,0.083333,0.055556,0.027778,0.083333,0.055556,0.083333,0.027778,0.027778,0.055556,0.055556,0.027778,0.055556,0,0.027778,0,0,0,0.13889,0.027778,0.13889,0.11111,0.027778,0.055556,0.11111,0.055556,0.027778,0,0.027778,0.13889,0.055556,0.027778,0.055556,0.027778,0.027778,0.11111,0.13889,0.083333,0.027778,0.13889,0.13889,0.16667,0.30556,0.11111,0.055556,0.16667,0.027778,0.027778,0.083333,0.11111,0.083333,0.055556,0.13889,0.055556,0.027778,0.055556,0.11111,0.11111,0.027778,0.25,0.22222,0.027778,0.027778,0.11111,0.083333,0.027778,0.22222,1,0.083333,0.083333,0.13889,0.083333,0.027778,0.083333,0.027778,0.055556,0.11111,0.083333
0,0,0,0,0.14286,0.047619,0.047619,0.095238,0.047619,0,0.047619,0,0,0.19048,0.047619,0,0,0.095238,0,0,0,0,0.095238,0.14286,0.047619,0.14286,0.047619,0.095238,0.095238,0.14286,0.095238,0,0.047619,0.047619,0.047619,0.047619,0,0.095238,0.095238,0,0.095238,0.095238,0.047619,0.14286,0.047619,0.14286,0.14286,0.047619,0.047619,0.047619,0,0.095238,0.14286,0.19048,0.095238,0.047619,0.14286,0.095238,0.19048,0.095238,0.047619,0.2381,0.42857,0.095238,0.28571,0.047619,0.047619,0.19048,0.095238,0.095238,0.047619,0.14286,0.19048,0.14286,0.047619,0.047619,0.047619,0.095238,0.14286,0.047619,0.2381,0.14286,0.14286,0.047619,0.047619,0.19048,0.095238,0.095238,0.14286,0.14286,1,0.14286,0.14286,0.095238,0,0.2381,0.047619,0,0.095238,0.14286
0.083502,0.095623,0.064646,0.094949,0.098316,0.084848,0.080135,0.091582,0.085522,0.092256,0.10774,0.090909,0.0013468,0.0020202,0,0.10505,0.006734,0.049832,0,0.0026936,0.22222,0.12054,0.0013468,0.0013468,0.167,0.0013468,0.072054,0.0020202,0.19125,0,0.17172,0.16902,0.21212,0.0013468,0.0006734,0.1569,0.18451,0.0020202,0.0006734,0.0020202,0.0026936,0.24781,0.17845,0.0006734,0.21145,0.20337,0.26936,0.26465,0.0006734,0,0.0006734,0.0013468,0.0026936,0.24108,0.18316,0.24579,0.20337,0.2303,0.19798,0.2229,0.21886,0.22222,0.1771,0.19798,0.21549,0.18316,0.19933,0.30034,0.003367,0.29562,0.21077,0.20943,0.22088,0.25657,0.18519,0.0013468,0.0026936,0.0026936,0.19192,0.0006734,0.29024,0.26128,0.16431,0.0040404,0.16768,0.28148,0.19529,0.23165,0.22694,0.0020202,0.0020202,1,0.19057,0.20337,0.0020202,0.0040404,0,0.24377,0.25657,0.19394
0.08961,0.078571,0.075325,0.074026,0.084416,0.092208,0.07013,0.096753,0.094156,0.10065,0.090909,0.087013,0.00064935,0.0025974,0.0019481,0.088961,0.0064935,0.073377,0,0.0025974,0.18247,0.071429,0.0025974,0.0012987,0.1487,0.0025974,0.057792,0.0045455,0.1539,0.0019481,0.13636,0.13636,0.19351,0.0032468,0.00064935,0.12338,0.13896,0.0012987,0.00064935,0.0032468,0.0051948,0.1513,0.1461,0.0051948,0.13831,0.1461,0.19221,0.17597,0.0019481,0.0012987,0.00064935,0.0032468,0.0051948,0.22532,0.1974,0.24416,0.26039,0.2539,0.18701,0.16753,0.14545,0.20325,0.17597,0.26818,0.19805,0.1974,0.17143,0.2539,0.0071429,0.16688,0.20584,0.21104,0.15195,0.21688,0.15455,0.0019481,0.0025974,0.0051948,0.15325,0.0045455,0.20455,0.14481,0.17403,0.0051948,0.10714,0.18247,0.23247,0.21558,0.23442,0.0032468,0.0019481,0.18377,1,0.22532,0.0012987,0.0032468,0.0019481,0.17078,0.18896,0.13247
0.080135,0.086195,0.074074,0.083502,0.079461,0.082155,0.088889,0.096296,0.089562,0.10034,0.093603,0.09697,0.0026936,0.0020202,0,0.12121,0.0026936,0.076768,0.0006734,0.0020202,0.2229,0.12391,0.0020202,0.0006734,0.22222,0.0053872,0.055219,0.0013468,0.23367,0,0.17239,0.25253,0.20471,0.0053872,0.0026936,0.18519,0.23906,0.0040404,0.0013468,0.0020202,0.0026936,0.20606,0.19596,0.003367,0.23098,0.23569,0.27003,0.22357,0.0060606,0,0.0013468,0.003367,0.0013468,0.23973,0.32189,0.28754,0.26801,0.21279,0.2835,0.23704,0.19192,0.27542,0.26936,0.3266,0.32929,0.26667,0.21279,0.29899,0.0026936,0.17912,0.25253,0.2532,0.17441,0.30505,0.23906,0.0006734,0.003367,0.0047138,0.30168,0.003367,0.28552,0.17912,0.15825,0.0080808,0.1569,0.25926,0.24916,0.23838,0.26869,0.0020202,0.0013468,0.20337,0.23367,1,0.003367,0.0026936,0.0006734,0.1771,0.19798,0.17306
0.055556,0.083333,0.055556,0.055556,0.083333,0.11111,0.083333,0.083333,0.22222,0.027778,0.13889,0.027778,0.055556,0.027778,0,0.027778,0,0.055556,0.055556,0.027778,0.055556,0.027778,0,0.083333,0.027778,0.055556,0.027778,0.055556,0.083333,0.027778,0.083333,0.16667,0.055556,0.027778,0.027778,0,0.027778,0.11111,0,0.055556,0.055556,0.083333,0,0.027778,0.083333,0.13889,0.083333,0.027778,0.027778,0,0.027778,0.027778,0.13889,0.027778,0,0.11111,0.083333,0.16667,0.27778,0.027778,0.083333,0.19444,0.16667,0.13889,0.055556,0.16667,0.083333,0.16667,0.19444,0.027778,0.41667,0.027778,0.13889,0.083333,0.11111,0.083333,0,0.13889,0.11111,0.027778,0.083333,0.13889,0.16667,0.25,0.083333,0.25,0.055556,0.055556,0.083333,0.027778,0,0.083333,0.055556,0.13889,1,0.083333,0.027778,0.055556,0.11111,0.16667
0.055556,0.055556,0,0.027778,0.055556,0,0,0.13889,0.055556,0.027778,0.11111,0.027778,0,0.11111,0.083333,0.055556,0,0.083333,0,0.027778,0.055556,0.027778,0.027778,0.027778,0.083333,0.11111,0.027778,0.027778,0.083333,0.027778,0.055556,0.083333,0.083333,0.027778,0,0.027778,0.055556,0.11111,0.055556,0.055556,0.083333,0.055556,0.055556,0.11111,0.083333,0.083333,0.13889,0.083333,0.055556,0.027778,0.027778,0.027778,0.083333,0.083333,0.027778,0.055556,0.055556,0.13889,0.22222,0.16667,0.083333,0.30556,0.36111,0.19444,0.055556,0.055556,0.055556,0.19444,0.16667,0.083333,0.11111,0.33333,0.25,0.25,0.25,0.083333,0,0.11111,0.19444,0.16667,0.25,0.11111,0.25,0.11111,0.055556,0.25,0.16667,0.16667,0.13889,0.083333,0.13889,0.16667,0.13889,0.11111,0.083333,1,0.027778,0.055556,0.19444,0.19444
0,0.095238,0,0.047619,0.095238,0,0.047619,0.047619,0.047619,0,0,0,0,0.047619,0.047619,0.047619,0,0,0,0.047619,0,0.047619,0,0,0.047619,0.047619,0.095238,0,0.047619,0,0.047619,0,0.14286,0.047619,0,0,0,0.047619,0,0.047619,0,0,0,0.047619,0.047619,0.28571,0.14286,0.14286,0.095238,0.047619,0,0,0.047619,0.095238,0,0.2381,0,0.047619,0.2381,0.047619,0,0.33333,0.047619,0,0.095238,0.047619,0,0.095238,0.047619,0.047619,0.14286,0.047619,0.14286,0.095238,0,0,0.047619,0,0.047619,0.047619,0.047619,0.095238,0.2381,0,0.095238,0.095238,0.047619,0.095238,0.047619,0.047619,0.047619,0,0.14286,0.047619,0.047619,0.047619,1,0.047619,0.095238,0.095238
0.08409,0.08409,0.071385,0.11736,0.088324,0.094979,0.065336,0.076225,0.087114,0.082275,0.10284,0.083485,0,0,0,0.11555,0.010284,0.057471,0,0.0024198,0.23291,0.093769,0.0012099,0.0012099,0.17786,0.0030248,0.065336,0.0012099,0.1712,0.00060496,0.19782,0.1827,0.16818,0.0036298,0.00060496,0.1948,0.18814,0.0012099,0.0012099,0,0.0024198,0.22202,0.16394,0.00060496,0.16999,0.14217,0.17544,0.18633,0.0036298,0,0.0018149,0.00060496,0.0018149,0.18512,0.15366,0.18451,0.1712,0.18814,0.15668,0.21779,0.15426,0.14459,0.18149,0.17907,0.16697,0.16334,0.20932,0.24077,0.0012099,0.20992,0.16878,0.14217,0.24682,0.17604,0.1458,0,0.0036298,0.0018149,0.13612,0.00060496,0.23896,0.16878,0.20266,0.0018149,0.10587,0.18875,0.18633,0.18451,0.18451,0.0012099,0,0.219,0.1591,0.1591,0.0012099,0.0012099,0.00060496,0.9994,0.19903,0.12281
0.070802,0.08584,0.070802,0.078321,0.079574,0.086466,0.067669,0.08396,0.065789,0.082707,0.077694,0.083333,0.0012531,0.0018797,0.00062657,0.11153,0.0031328,0.058271,0.00062657,0.004386,0.21366,0.080201,0.0012531,0.0012531,0.17168,0.0037594,0.053885,0.0037594,0.21617,0.00062657,0.20113,0.20551,0.25689,0.0056391,0.00062657,0.12782,0.17857,0.004386,0.0012531,0.0018797,0.0018797,0.21679,0.17669,0.0018797,0.22995,0.25564,0.25627,0.2218,0.0031328,0,0.00062657,0.0025063,0.0062657,0.20175,0.25439,0.2381,0.19298,0.21679,0.18546,0.24561,0.19925,0.17481,0.19236,0.19799,0.1886,0.22682,0.21241,0.27193,0.004386,0.26817,0.2005,0.20802,0.30764,0.22118,0.16792,0.00062657,0.0031328,0.0012531,0.15915,0.0018797,0.23434,0.28321,0.20238,0.0025063,0.14098,0.21115,0.22243,0.22494,0.24311,0.0025063,0.0012531,0.23872,0.18233,0.18421,0.0025063,0.004386,0.0012531,0.20614,1,0.17669
0.078645,0.07562,0.068966,0.07925,0.08046,0.07683,0.08167,0.082275,0.072595,0.085299,0.085904,0.073805,0.0012099,0,0.00060496,0.065336,0.0042347,0.056866,0,0.00060496,0.11131,0.094979,0.0012099,0.00060496,0.10466,0.0024198,0.062311,0.0024198,0.12946,0.0018149,0.10163,0.10526,0.16697,0.0030248,0.00060496,0.11071,0.14277,0.0018149,0.0012099,0.0024198,0.0012099,0.13007,0.11857,0.0012099,0.12341,0.14761,0.17241,0.14277,0.0048397,0.00060496,0.0012099,0.0018149,0.0036298,0.15729,0.13612,0.17423,0.12583,0.12765,0.14519,0.18572,0.13067,0.13854,0.12281,0.14943,0.14156,0.13612,0.11192,0.22868,0.0036298,0.15064,0.13914,0.16394,0.17181,0.14035,0.11857,0.0012099,0.0024198,0.0048397,0.1095,0.0024198,0.19177,0.16273,0.13612,0.0066546,0.14338,0.22868,0.11252,0.18451,0.14943,0.0018149,0.0018149,0.17423,0.12341,0.15547,0.0036298,0.0042347,0.0012099,0.12281,0.1706,1
